brand,model,processor_brand,processor_Name,processor_gnrtn,ram_gb,Apps,ssd,hdd,os,os_bit,graphic_card_gb,weight,display_size,warranty,Touchscreen,msoffice,Price
ASUS,Celeron,Intel,5,Missing,4,Cooling,0,1024,Windows,64,0,Casual,15.6,1,No,No,23990
ASUS,VivoBook,Intel,5,10th,4,DDR3,512,0,Windows,64,0,Casual,15.6,1,No,No,37990
ASUS,Vivobook,Intel,A6-9225 Processor,10th,4,DDR3,0,1024,Windows,64,0,Casual,14.1,1,No,No,
HP,Core,Intel,APU Dual,11th,4,DDR3,512,0,Windows,64,0,ThinNlight,15.6,1,No,Yes,54990
HP,Core,Intel,APU Dual,11th,4,DDR3,512,0,Windows,64,0,ThinNlight,15.6,0,No,No,54990
Lenovo,IdeaPad,Intel,APU Dual,10th,4,DDR3,0,1024,Windows,64,0,ThinNlight,15.6,1,No,Yes,35990
HP,15s,AMD,APU Dual,Missing,4,DDR3,256,1024,Windows,64,0,Casual,15.6,1,No,Yes,41999
ASUS,Core,Intel,APU Dual,11th,4,DDR3,256,0,Windows,64,0,ThinNlight,14,0,No,No,34429
DELL,Vostro,Intel,APU Dual,10th,4,DDR3,256,1024,Windows,64,0,ThinNlight,15.6,1,No,Yes,41490
Lenovo,IdeaPad,Intel,APU Dual,10th,4,DDR3,256,0,Windows,32,0,ThinNlight,15.6,2,No,Yes,37990
HP,Core,Intel,Athlon Dual,11th,4,DDR3,512,0,Windows,64,0,ThinNlight,15.6,1,No,No,53990
HP,Ryzen,AMD,Athlon Dual,Missing,4,DDR3,256,0,Windows,64,0,ThinNlight,15.6,1,No,No,37990
HP,Pavilion,AMD,Celeron Dual,Missing,4,DDR3,512,0,Windows,64,4,Casual,15.6,1,No,No,57990
Lenovo,Ideapad,Intel,Celeron Dual,11th,4,DDR4,512,0,Windows,64,0,Casual,14,2,No,Yes,52990
ASUS,VivoBook,Intel,Celeron Dual,11th,4,DDR4,256,0,Windows,32,0,Casual,15.6,1,No,Yes,35990
DELL,Vostro,AMD,Celeron Dual,Missing,4,DDR4,0,1024,Windows,64,0,ThinNlight,14,1,No,Yes,35990
ASUS,VivoBook,Intel,Celeron Dual,10th,4,DDR4,256,0,Windows,64,0,ThinNlight,14,0,No,No,33980
HP,Pavilion,Intel,Celeron Dual,11th,4,DDR4,512,0,Windows,64,0,ThinNlight,14,1,No,Yes,67990
HP,Core,Intel,Celeron Dual,11th,4,DDR4,256,0,Windows,64,0,ThinNlight,14,1,No,Yes,39990
APPLE,2020,Apple,Celeron Dual,Missing,4,DDR4,256,0,Mac,64,0,Casual,13.3,1,No,No,85990
ASUS,VivoBook,Intel,Celeron Dual,Missing,4,DDR4,256,0,Windows,64,0,ThinNlight,14,0,No,No,29990
acer,Aspire,Intel,Celeron Dual,Missing,4,DDR4,0,0,Missing,32,4,Casual,0,0,No,No,50990
ASUS,VivoBook,Intel,Celeron Dual,10th,4,DDR4,512,0,Windows,64,0,Casual,15.6,1,No,No,57990
HP,Core,Intel,Celeron Dual,11th,4,DDR4,512,0,Windows,64,0,ThinNlight,15.6,1,No,Yes,42990
Lenovo,IdeaPad,Intel,Celeron Dual,Missing,4,DDR4,256,0,Windows,64,0,ThinNlight,14,0,No,No,31999
DELL,Vostro,Intel,Celeron Dual,10th,4,DDR4,256,0,Windows,64,0,ThinNlight,14,1,No,Yes,39490
DELL,Inspiron,Intel,Celeron Dual,11th,4,DDR4,256,1024,Windows,64,0,Casual,15.6,0,No,No,
MSI,GF63,Intel,Celeron Dual,Missing,4,DDR4,256,1024,Windows,64,4,Casual,15.6,2,No,No,55990
MSI,GF63,Intel,Celeron Dual,10th,4,DDR4,256,1024,Windows,64,4,Casual,15.6,2,No,No,63990
ASUS,TUF,Intel,Celeron Dual,10th,4,DDR4,512,0,Windows,64,4,Gaming,15.6,1,No,No,57990
ASUS,Ryzen,AMD,Celeron Dual,Missing,4,DDR4,256,0,Windows,64,0,ThinNlight,15.6,1,No,No,35990
Lenovo,Ideapad,Intel,Celeron Dual,11th,4,DDR4,512,0,Windows,64,0,ThinNlight,15.6,1,No,Yes,62300
realme,Book(Slim),Intel,Core,11th,4,DDR4,512,0,Windows,64,0,Casual,14,1,No,Yes,52990
acer,Aspire,AMD,Core i3,Missing,4,DDR4,512,0,Windows,64,0,Casual,15.6,1,No,No,36990
RedmiBook,15,Intel,Core i3,11th,4,DDR4,256,0,Windows,32,0,ThinNlight,15.6,1,No,No,38990
ASUS,VivoBook,Intel,Core i3,11th,4,DDR4,256,1024,Windows,32,0,Casual,15.6,1,No,Yes,50990
ASUS,Vivobook,Intel,Core i3,10th,4,DDR4,512,0,Windows,64,4,Gaming,15.6,0,No,No,61990
MSI,GF65,Intel,Core i3,10th,4,DDR4,1024,0,Windows,64,6,Casual,15.6,2,No,No,84990
DELL,Inspiron,AMD,Core i3,Missing,4,DDR4,256,0,Windows,64,0,ThinNlight,15.6,0,No,No,39490
ASUS,Vivobook,Intel,Core i3,10th,4,DDR4,256,1024,Windows,64,4,Gaming,15.6,0,No,No,55990
HP,Pavilion,Intel,Core i3,11th,4,DDR4,256,0,Windows,64,0,Casual,14,1,Yes,Yes,53990
DELL,Vostro,AMD,Core i3,Missing,4,DDR4,256,0,Windows,64,0,Casual,14,1,No,Yes,41990
Lenovo,Core,Intel,Core i3,11th,4,DDR4,512,0,Windows,64,0,ThinNlight,15.6,1,No,No,52990
acer,Aspire,Intel,Core i3,11th,4,DDR4,256,0,Windows,64,0,ThinNlight,15.6,1,No,No,38990
realme,Book,Intel,Core i3,11th,4,DDR4,256,0,Windows,64,0,ThinNlight,14,1,No,Yes,46990
ASUS,VivoBook,Intel,Core i3,10th,4,DDR4,512,0,Windows,64,0,Casual,15.6,1,No,No,35990
Lenovo,IdeaPad,AMD,Core i3,Missing,4,DDR4,512,0,Windows,64,4,Gaming,15.6,1,No,Yes,56990
Lenovo,IdeaPad,Intel,Core i3,11th,4,DDR4,512,0,Windows,64,0,ThinNlight,15.6,2,No,Yes,51990
Lenovo,IdeaPad,AMD,Core i3,Missing,4,DDR4,512,0,Windows,64,0,ThinNlight,15.6,1,No,No,48990
Lenovo,IdeaPad,Intel,Core i3,11th,4,DDR4,512,0,Windows,64,0,ThinNlight,14,0,No,No,61990
DELL,Inspiron,AMD,Core i3,Missing,4,DDR4,256,1024,Windows,64,0,Casual,15.6,0,No,No,49490
DELL,Inspiron,Intel,Core i3,11th,4,DDR4,0,1024,Windows,64,0,ThinNlight,15.6,0,No,No,42490
acer,Aspire,AMD,Core i3,Missing,4,DDR4,0,0,Missing,32,4,Casual,0,0,No,No,54990
ASUS,VivoBook,AMD,Core i3,Missing,4,DDR4,256,1024,Windows,64,0,Casual,15.6,1,No,No,54990
RedmiBook,15,Intel,Core i3,11th,4,DDR4,512,0,Windows,32,0,ThinNlight,15.6,1,No,No,42990
Lenovo,Legion,AMD,Core i3,Missing,4,DDR4,256,1024,Windows,64,4,Casual,15.6,0,No,No,68500
HP,Ryzen,AMD,Core i3,Missing,4,DDR4,512,0,Windows,64,0,ThinNlight,14,1,No,Yes,49970
Lenovo,Ideapad,Intel,Core i3,11th,4,DDR4,256,0,Windows,64,0,Casual,15.6,2,No,Yes,49490
ASUS,VivoBook,Intel,Core i3,11th,4,DDR4,512,0,Windows,64,0,Casual,14,1,No,No,42990
MSI,Modern,AMD,Core i3,Missing,4,DDR4,512,0,Windows,64,0,Casual,14,0,No,No,47990
HP,Ryzen,AMD,Core i3,Missing,4,DDR4,512,0,Windows,64,0,ThinNlight,15.6,1,No,Yes,48990
ASUS,Core,Intel,Core i3,11th,4,DDR4,256,0,Windows,64,0,ThinNlight,15.6,1,No,No,37990
ASUS,Vivobook,Intel,Core i3,11th,4,DDR4,256,0,Windows,64,0,Casual,14,1,No,Yes,37890
RedmiBook,Pro,Intel,Core i3,11th,4,DDR4,512,0,Windows,32,0,ThinNlight,15.6,1,No,No,48990
HP,Pavilion,AMD,Core i3,Missing,4,DDR4,256,1024,Windows,64,4,Gaming,15.6,1,No,Yes,
APPLE,2020,Apple,Core i3,Missing,4,DDR4,256,0,Mac,64,0,Casual,13.3,1,No,No,112990
Lenovo,IdeaPad,Intel,Core i3,11th,4,DDR4,256,0,Windows,64,0,ThinNlight,14,1,No,No,38990
ASUS,VivoBook,Intel,Core i3,11th,4,DDR4,512,0,Windows,32,0,Casual,14,1,Yes,Yes,63990
ASUS,VivoBook,Intel,Core i3,11th,4,DDR4,512,0,Windows,32,0,Casual,14,1,Yes,Yes,51990
Lenovo,ThinkPad,Intel,Core i3,11th,4,DDR4,512,0,Windows,64,0,Casual,15.6,1,No,Yes,65990
Nokia,PureBook,Intel,Core i3,10th,4,DDR4,512,0,Windows,64,0,ThinNlight,14,0,No,No,47990
acer,Swift,AMD,Core i3,Missing,4,DDR4,512,0,Windows,64,0,ThinNlight,14,1,No,No,53990
ASUS,VivoBook,Intel,Core i3,11th,4,DDR4,512,0,Windows,64,0,Casual,15.6,1,No,No,48990
acer,Aspire,Intel,Core i3,11th,4,DDR4,512,0,Windows,64,0,ThinNlight,15.6,1,No,No,52990
APPLE,MacBook,Apple,Core i3,Missing,4,DDR4,512,0,Mac,64,0,Casual,13.3,1,No,No,149990
acer,Predator,Intel,Core i3,11th,4,DDR4,512,1024,Windows,64,4,Casual,15.6,1,No,No,92990
ASUS,ASUS,AMD,Core i3,Missing,4,DDR4,512,0,Windows,32,4,Gaming,17.3,0,No,No,76990
Lenovo,IdeaPad,Intel,Core i3,10th,4,DDR4,512,0,Windows,64,0,ThinNlight,15.6,1,No,No,49990
ASUS,ASUS,Intel,Core i3,11th,4,DDR4,512,0,Windows,64,4,Gaming,17.3,0,No,No,71990
Lenovo,IdeaPad,Intel,Core i3,10th,4,DDR4,256,0,Windows,64,0,ThinNlight,14,0,No,No,37990
ASUS,VivoBook,Intel,Core i3,10th,4,DDR4,512,0,Windows,64,0,Casual,15.6,1,No,No,47990
ASUS,ASUS,Intel,Core i3,11th,4,DDR4,1024,0,Windows,64,4,Gaming,15.6,0,No,No,75990
Nokia,PureBook,Intel,Core i3,10th,4,DDR4,512,0,Windows,64,0,ThinNlight,14,0,No,No,45990
Lenovo,IdeaPad,Intel,Core i3,10th,4,DDR4,512,0,Windows,32,0,ThinNlight,15.6,2,No,Yes,48490
ASUS,ASUS,Intel,Core i3,11th,4,DDR4,512,0,Windows,64,4,Gaming,17.3,0,No,No,72990
ASUS,VivoBook,AMD,Core i3,Missing,4,DDR4,256,1024,Windows,64,0,Casual,15.6,1,No,No,54990
MSI,Katana,Intel,Core i3,11th,4,DDR4,512,0,Windows,64,4,Casual,15.6,2,No,No,76990
APPLE,MacBook,Apple,Core i3,Missing,4,DDR4,256,0,Mac,64,0,Casual,13.3,1,No,No,104990
MSI,GF65,Intel,Core i3,Missing,4,DDR4,512,0,Windows,64,6,Casual,15.6,2,No,No,76990
acer,Aspire,Intel,Core i3,11th,4,DDR4,256,1024,Windows,64,0,Casual,15.6,1,No,No,57990
ASUS,VivoBook,Intel,Core i3,11th,4,DDR4,256,1024,Windows,64,0,Casual,15.6,1,No,No,52990
DELL,Vostro,Intel,Core i3,11th,4,DDR4,256,0,Windows,64,0,ThinNlight,14.96,1,No,Yes,41990
Lenovo,IdeaPad,AMD,Core i3,Missing,4,DDR4,512,0,Windows,64,0,Casual,15.6,1,No,Yes,52990
ASUS,TUF,Intel,Core i3,11th,4,DDR4,512,0,Windows,64,6,Gaming,15.6,1,No,Yes,89990
ASUS,VivoBook,Intel,Core i3,11th,4,DDR4,512,0,Windows,64,0,Casual,14,1,No,No,42990
APPLE,2020,Apple,Core i3,Missing,4,DDR4,512,0,Mac,64,0,Casual,13.3,1,No,No,125990
ASUS,VivoBook,Intel,Core i3,11th,4,DDR4,256,0,Windows,64,0,Casual,15.6,1,No,No,45990
MSI,GF63,Intel,Core i3,10th,4,DDR4,512,0,Windows,64,4,Casual,15.6,2,No,No,59990
MSI,Katana,Intel,Core i3,Missing,4,DDR4,0,0,Missing,32,4,Casual,0,0,No,No,86990
ASUS,Zenbook,Intel,Core i3,11th,4,DDR4,1024,0,Windows,64,2,Casual,14,1,Yes,Yes,104990
APPLE,2020,Apple,Core i3,Missing,4,DDR4,512,0,Mac,64,0,Casual,13.3,1,No,No,103990
acer,Predator,Intel,Core i3,11th,4,DDR4,512,1024,Windows,32,6,Casual,15.6,1,No,No,119990
APPLE,2020,Apple,Core i3,Missing,5,DDR4,256,0,Mac,64,0,Casual,13.3,1,No,No,112990
APPLE,2020,Apple,Core i3,Missing,8,DDR4,512,0,Mac,64,0,Casual,13.3,1,No,No,101990
ASUS,Pentium,Intel,Core i3,Missing,8,DDR4,0,1024,Windows,64,0,Casual,15.6,0,No,No,27990
HP,Celeron,Intel,Core i3,Missing,8,DDR4,256,0,Windows,64,0,ThinNlight,14,0,No,No,32490
DELL,Inspiron,AMD,Core i3,Missing,8,DDR4,256,0,Windows,64,0,ThinNlight,14.96,0,No,No,36990
DELL,Inspiron,Intel,Core i3,11th,8,DDR4,256,1024,Windows,64,0,Casual,15.6,1,No,No,57990
Lenovo,Core,Intel,Core i3,10th,8,DDR4,512,0,Windows,64,0,ThinNlight,15.6,1,No,No,38990
HP,Ryzen,AMD,Core i3,Missing,8,DDR4,512,0,Windows,64,0,ThinNlight,14,0,No,No,43490
Lenovo,IdeaPad,Intel,Core i3,11th,8,DDR4,256,0,Windows,64,0,ThinNlight,15.6,1,No,No,39990
ASUS,TUF,Intel,Core i3,10th,8,DDR4,512,0,Windows,64,4,Gaming,15.6,1,No,Yes,65990
DELL,Inspiron,Intel,Core i3,11th,8,DDR4,512,0,Windows,64,0,Casual,14,0,Yes,No,71990
DELL,Inspiron,Intel,Core i3,11th,8,DDR4,256,0,Windows,64,0,ThinNlight,15.6,0,No,No,42490
DELL,Inspiron,Intel,Core i3,11th,8,DDR4,256,1024,Windows,64,0,Casual,15.6,0,No,No,44490
DELL,Inspiron,Intel,Core i3,11th,8,DDR4,512,0,Windows,64,0,ThinNlight,14.96,0,No,No,45990
acer,Nitro,AMD,Core i3,Missing,8,DDR4,0,0,Missing,32,4,Casual,0,0,No,No,59990
ASUS,Vivobook,Intel,Core i3,11th,8,DDR4,256,1024,Windows,64,0,Casual,14.1,1,No,Yes,41890
acer,Aspire,AMD,Core i3,Missing,8,DDR4,512,0,Windows,64,0,Casual,15.6,1,No,No,43990
MSI,Pulse,Intel,Core i3,Missing,8,DDR4,0,0,Missing,32,6,Casual,0,0,No,No,109990
APPLE,MacBook,Apple,Core i3,Missing,8,DDR4,256,0,Mac,64,0,Casual,13.3,1,No,No,132990
Lenovo,Ideapad,AMD,Core i3,Missing,8,DDR4,512,0,Windows,64,4,Gaming,15.6,0,No,No,59490
HP,Core,Intel,Core i3,10th,8,DDR4,512,0,Windows,64,0,ThinNlight,15.6,1,No,Yes,42490
MSI,Alpha,AMD,Core i3,Missing,8,DDR4,1024,0,Windows,64,8,Casual,15.6,1,No,No,99990
ASUS,ROG,AMD,Core i3,Missing,8,DDR4,1024,0,Windows,64,4,Casual,14,0,No,No,72990
DELL,Inspiron,Intel,Core i3,11th,8,DDR4,512,0,Windows,64,0,Casual,14,0,Yes,No,71890
lenovo,Ideapad,Intel,Core i3,Missing,8,DDR4,0,0,Missing,32,0,Casual,0,0,No,No,72990
MSI,GF63,Intel,Core i3,10th,8,DDR4,512,0,Windows,64,4,Casual,15.6,2,No,No,79990
ASUS,ROG,AMD,Core i3,Missing,8,DDR4,1024,0,Windows,64,6,Casual,15.6,1,No,No,135990
Lenovo,IdeaPad,Intel,Core i3,10th,8,DDR4,512,0,Windows,64,4,Gaming,15.6,1,No,Yes,68990
MSI,Bravo,AMD,Core i3,Missing,8,DDR4,512,0,Windows,64,4,Casual,15.6,0,No,No,64990
Infinix,INBook,Intel,Core i3,10th,8,DDR4,256,0,Windows,64,0,ThinNlight,14,0,No,No,32990
ASUS,ZenBook,Intel,Core i3,11th,8,DDR4,1024,0,Windows,64,0,Casual,14,1,Yes,No,134990
acer,Nitro,AMD,Core i3,Missing,8,DDR4,256,1024,Windows,64,6,Casual,15.6,1,No,No,89990
Lenovo,IdeaPad,Intel,Core i3,11th,8,DDR4,512,0,Windows,64,0,ThinNlight,15.6,0,No,No,64990
Mi,Notebook,Intel,Core i3,10th,8,DDR4,512,0,Windows,64,2,Casual,14,1,No,No,59490
HP,Core,Intel,Core i3,11th,8,DDR4,512,0,Windows,64,0,ThinNlight,15.6,1,No,Yes,43970
ASUS,VivoBook,Intel,Core i3,11th,8,DDR4,512,0,Windows,64,0,Casual,14,1,No,No,65990
APPLE,MacBook,Apple,Core i3,Missing,8,DDR4,256,0,Mac,64,0,Casual,13.3,1,No,No,104990
DELL,Vostro,Intel,Core i3,10th,8,DDR4,256,0,Windows,64,0,ThinNlight,14,1,No,Yes,36990
APPLE,MacBook,Apple,Core i3,Missing,8,DDR4,512,0,Mac,64,0,Casual,13.3,1,No,No,104990
HP,Core,Intel,Core i3,11th,8,DDR4,512,0,Windows,64,0,ThinNlight,15.6,0,No,No,55999
ASUS,Vivobook,Intel,Core i3,11th,8,DDR4,512,0,Windows,64,4,Casual,14,1,No,No,73490
HP,Pavilion,Intel,Core i3,11th,8,DDR4,512,0,Windows,64,0,ThinNlight,14,1,No,Yes,74490
acer,Aspire,Intel,Core i3,11th,8,DDR4,256,1024,Windows,64,0,ThinNlight,15.6,1,No,No,56990
DELL,Vostro,AMD,Core i3,Missing,8,DDR4,512,0,Windows,64,0,ThinNlight,14,0,No,No,47490
Lenovo,Ideapad,Intel,Core i3,11th,8,DDR4,256,0,Windows,64,0,Casual,14,1,Yes,Yes,53990
HP,HP,AMD,Core i3,Missing,8,DDR4,512,0,Windows,64,4,Casual,15.6,1,No,No,59990
acer,Nitro,AMD,Core i3,Missing,8,DDR4,256,1024,Windows,64,4,Casual,15.6,0,No,No,81990
ASUS,VivoBook,Intel,Core i3,11th,8,DDR4,256,0,Windows,64,0,ThinNlight,14,0,No,No,36990
ASUS,Core,Intel,Core i3,10th,8,DDR4,512,0,Windows,64,0,ThinNlight,15.6,1,No,Yes,39990
DELL,Ryzen,AMD,Core i3,Missing,8,DDR4,256,0,Windows,64,0,ThinNlight,15.6,1,No,No,39990
ASUS,Ryzen,AMD,Core i3,Missing,8,DDR4,512,0,Windows,64,4,Casual,14,1,No,No,79990
Lenovo,IdeaPad,Intel,Core i3,10th,8,DDR4,256,0,Windows,64,0,Casual,15.6,2,No,No,38940
DELL,Inspiron,Intel,Core i3,10th,8,DDR4,256,0,Windows,64,0,Casual,15,1,No,Yes,39490
ASUS,Chromebook,Intel,Core i3,Missing,8,DDR4,0,0,Missing,32,0,Casual,0,0,No,No,23490
HP,Pavilion,Intel,Core i3,11th,8,DDR4,512,0,Windows,64,0,ThinNlight,14,1,No,Yes,58340
ASUS,ROG,AMD,Core i3,Missing,8,DDR4,1024,0,Windows,32,0,Casual,15.6,1,No,No,154990
acer,Aspire,Intel,Core i3,11th,8,DDR4,512,0,Windows,64,0,ThinNlight,14,1,No,No,55999
Lenovo,Legion,AMD,Core i3,Missing,8,DDR4,512,0,Windows,64,4,Casual,15.6,0,No,No,69990
DELL,Inspiron,AMD,Core i3,Missing,8,DDR4,256,0,Windows,64,0,ThinNlight,15.6,1,No,No,44490
acer,Travelmate,Intel,Core i3,11th,8,DDR4,256,1024,Windows,64,0,Casual,14,0,No,No,55490
APPLE,2020,Apple,Core i3,Missing,8,DDR4,512,0,Mac,64,0,Casual,13.3,1,No,No,131990
MSI,Core,Intel,Core i3,11th,8,DDR4,512,0,Windows,64,0,ThinNlight,14,0,No,No,48990
HP,Pavilion,Intel,Core i3,11th,8,DDR4,512,0,Windows,64,0,Casual,14,1,No,Yes,54990
HP,15-ec1105AX,AMD,Core i3,Missing,8,DDR4,512,0,Windows,64,4,Casual,15.6,1,No,No,58990
DELL,Inspiron,Intel,Core i3,11th,8,DDR4,512,0,Windows,64,0,ThinNlight,14,0,No,No,67990
DELL,Inspiron,Intel,Core i3,11th,8,DDR4,256,1024,Windows,64,2,Casual,15.6,1,No,No,62490
ASUS,VivoBook,Intel,Core i3,11th,8,DDR4,256,0,Windows,64,0,Casual,15.6,1,No,No,45990
ASUS,VivoBook,Intel,Core i3,11th,8,DDR4,512,0,Windows,64,0,Casual,14,1,No,No,59990
Lenovo,Ideapad,Intel,Core i3,10th,8,DDR4,256,0,Windows,64,0,Casual,15.6,2,No,Yes,39999
DELL,Vostro,AMD,Core i3,Missing,8,DDR4,512,0,Windows,64,0,ThinNlight,14,1,No,No,59490
HP,Pavilion,AMD,Core i3,Missing,8,DDR4,512,0,Windows,64,0,ThinNlight,15.6,1,No,Yes,67500
ASUS,TUF,Intel,Core i3,11th,8,DDR4,512,0,Windows,64,6,Casual,15.6,1,No,Yes,82990
ASUS,VivoBook,AMD,Core i3,Missing,8,DDR4,256,1024,Windows,32,0,Casual,15.6,1,No,Yes,54990
Lenovo,IdeaPad,Intel,Core i3,11th,8,DDR4,512,0,Windows,64,0,Casual,14,1,Yes,Yes,85990
DELL,Inspiron,Intel,Core i3,11th,8,DDR4,256,0,Windows,64,0,ThinNlight,15.6,1,No,No,42990
Lenovo,Legion,Intel,Core i3,11th,8,DDR4,512,0,Windows,64,4,Casual,15.6,1,No,Yes,99990
ASUS,ASUS,Intel,Core i3,11th,8,DDR4,1024,0,Windows,64,4,Gaming,15.6,0,No,No,98990
ASUS,ROG,AMD,Core i3,Missing,8,DDR4,512,0,Windows,64,4,Casual,15.6,0,No,No,71990
ASUS,ASUS,Intel,Core i3,Missing,8,DDR4,256,0,Windows,64,0,Casual,13.3,1,Yes,No,62990
DELL,Vostro,Intel,Core i3,11th,8,DDR4,512,0,Windows,64,2,Casual,14,1,No,Yes,64190
HP,Ryzen,AMD,Core i3,Missing,8,DDR4,512,0,Windows,32,0,Casual,15.6,0,No,No,48990
ASUS,VivoBook,AMD,Core i3,Missing,8,DDR4,512,0,Windows,64,0,Casual,14,1,Yes,Yes,62450
DELL,Core,Intel,Core i3,11th,8,DDR4,512,0,Windows,64,0,ThinNlight,14,0,No,No,70090
acer,Aspire,Intel,Core i3,11th,8,DDR4,0,1024,Windows,64,0,Casual,15.6,0,No,No,49990
lenovo,Yoga,Intel,Core i3,Missing,8,DDR4,0,0,Missing,32,0,Casual,0,0,No,No,102990
ASUS,Ryzen,AMD,Core i3,Missing,8,DDR4,256,0,Windows,64,0,ThinNlight,15.6,1,No,No,33690
DELL,Vostro,Intel,Core i3,11th,8,DDR4,256,1024,Windows,64,0,ThinNlight,14,1,No,Yes,42990
acer,Travelmate,Intel,Core i3,11th,8,DDR4,256,1024,Windows,64,0,Casual,14,0,No,No,40990
ASUS,VivoBook,Intel,Core i3,11th,8,DDR4,256,1024,Windows,64,0,Casual,15.6,1,No,No,64990
DELL,Inspiron,Intel,Core i5,11th,8,DDR4,256,0,Windows,64,0,Casual,14,1,Yes,No,49990
realme,Book(Slim),Intel,Core i5,11th,8,DDR4,512,0,Windows,64,0,Casual,14,1,No,Yes,60999
HP,15s,AMD,Core i5,Missing,8,DDR4,0,1024,Windows,64,0,ThinNlight,15.6,1,No,Yes,39490
ASUS,Core,Intel,Core i5,10th,8,DDR4,512,0,Windows,64,2,ThinNlight,15.6,1,No,No,49990
Lenovo,Ideapad,Intel,Core i5,11th,8,DDR4,256,1024,Windows,64,2,Casual,15.6,1,No,Yes,59990
HP,Ryzen,AMD,Core i5,Missing,8,DDR4,512,0,Windows,64,0,ThinNlight,15.6,1,No,Yes,41490
APPLE,MacBook,Apple,Core i5,Missing,8,DDR4,1024,0,Mac,64,0,Casual,13.3,1,No,No,149990
APPLE,MacBook,Apple,Core i5,Missing,8,DDR4,1024,0,Mac,64,0,Casual,13.3,1,No,No,169990
DELL,Inspiron,AMD,Core i5,Missing,8,DDR4,256,0,Windows,64,0,Casual,15.6,1,No,Yes,41990
acer,Predator,Intel,Core i5,11th,8,DDR4,1024,0,Windows,64,8,Casual,15.6,1,No,No,169990
ASUS,Vivobook,Intel,Core i5,11th,8,DDR4,256,1024,Windows,64,2,Casual,15.6,1,No,Yes,60190
MSI,Core,Intel,Core i5,10th,8,DDR4,512,0,Windows,64,0,ThinNlight,14,0,No,No,40990
MSI,Core,Intel,Core i5,11th,8,DDR4,512,0,Windows,64,0,ThinNlight,14,0,No,No,55490
DELL,Vostro,AMD,Core i5,Missing,8,DDR4,256,0,Windows,64,0,ThinNlight,14,1,No,Yes,44490
HP,Spectre,Intel,Core i5,11th,8,DDR4,512,0,Windows,64,0,Casual,13.3,0,Yes,No,97990
ASUS,Vivobook,Intel,Core i5,11th,8,DDR4,512,0,Windows,64,0,ThinNlight,14.1,1,No,Yes,41990
Lenovo,IdeaPad,Intel,Core i5,11th,8,DDR4,512,0,Windows,64,0,ThinNlight,14,1,Yes,No,54990
DELL,Vostro,Intel,Core i5,11th,8,DDR4,0,1024,Windows,64,0,ThinNlight,14,0,No,No,42190
acer,Predator,Intel,Core i5,11th,8,DDR4,1024,0,Windows,64,6,Casual,15.6,1,No,No,139990
ASUS,ROG,AMD,Core i5,Missing,8,DDR4,1024,0,Windows,64,8,Casual,15.6,1,No,Yes,199990
DELL,Vostro,Intel,Core i5,10th,8,DDR4,0,1024,Windows,64,0,ThinNlight,14,1,No,Yes,39490
Lenovo,Ideapad,AMD,Core i5,Missing,8,DDR4,0,0,Windows,64,0,Casual,0,0,No,No,19590
ASUS,APU,AMD,Core i5,Missing,8,DDR4,0,0,Missing,32,0,Casual,0,0,No,No,19990
APPLE,MacBook,Apple,Core i5,Missing,8,DDR4,512,0,Mac,64,0,Casual,13.3,1,No,No,128990
ASUS,VivoBook,Intel,Core i5,11th,8,DDR4,512,0,Windows,64,0,Casual,14,1,No,Yes,44990
HP,Core,Intel,Core i5,11th,8,DDR4,512,0,Windows,64,0,Casual,15.6,1,No,No,41250
HP,Pentium,Intel,Core i5,Missing,8,DDR4,256,0,Windows,64,0,ThinNlight,14,1,No,Yes,32990
APPLE,2021,Apple,Core i5,Missing,8,DDR4,1024,0,Mac,64,0,Casual,14.2,1,No,No,225990
HP,Core,Intel,Core i5,11th,8,DDR4,512,0,Windows,64,0,ThinNlight,14,0,No,No,44990
APPLE,2021,Apple,Core i5,Missing,8,DDR4,512,0,Mac,64,0,Casual,14.2,1,No,No,184990
ASUS,Vivobook,Intel,Core i5,9th,8,DDR4,512,0,Windows,64,4,Gaming,15.6,1,No,Yes,54990
APPLE,2021,Apple,Core i5,Missing,8,DDR4,1024,0,Mac,64,0,Casual,16.2,1,No,No,243990
APPLE,2021,Apple,Core i5,Missing,8,DDR4,512,0,Mac,64,0,Casual,16.2,1,No,No,225990
Lenovo,Thinkbook,Intel,Core i5,11th,8,DDR4,512,0,Windows,64,0,ThinNlight,15,1,No,Yes,59990
DELL,Vostro,Intel,Core i5,11th,8,DDR4,256,0,Windows,64,0,ThinNlight,14,1,No,Yes,41490
DELL,Inspiron,Intel,Core i5,11th,8,DDR4,256,0,Windows,64,0,ThinNlight,14.96,0,No,No,41990
ASUS,VivoBook,Intel,Core i5,11th,8,DDR4,512,0,Windows,64,0,Casual,14,1,No,No,42990
ASUS,Vivobook,Intel,Core i5,9th,8,DDR4,256,1024,Windows,64,4,Gaming,15.6,0,No,No,54490
APPLE,2021,Apple,Core i5,Missing,8,DDR4,1024,0,Mac,64,0,Casual,16.2,1,No,No,309990
Lenovo,Legion,Intel,Core i5,9th,8,DDR4,256,1024,Windows,64,4,Casual,15.6,1,No,Yes,60990
Lenovo,IdeaPad,Intel,Core i5,11th,8,DDR4,512,0,Windows,64,0,ThinNlight,15.6,1,No,Yes,53990
HP,Pavilion,Intel,Core i5,11th,8,DDR4,512,0,Windows,64,0,ThinNlight,14,1,No,Yes,66999
Lenovo,Ideapad,AMD,Core i5,Missing,8,DDR4,256,1024,Windows,64,0,Gaming,15.6,1,No,Yes,63990
Infinix,X1,Intel,Core i5,10th,8,DDR4,512,0,Windows,64,8,Casual,14,0,No,No,54990
DELL,Core,Intel,Core i5,11th,8,DDR4,512,0,Windows,64,0,Casual,14,1,Yes,No,60790
ASUS,ROG,AMD,Core i5,Missing,8,DDR4,512,0,Windows,64,4,Casual,15.6,0,No,No,71990
DELL,Inspiron,Intel,Core i5,11th,8,DDR4,256,1024,Windows,64,0,ThinNlight,15.6,1,No,No,48990
ASUS,ROG,AMD,Core i5,Missing,8,DDR4,1024,0,Windows,64,4,Casual,15.6,0,No,No,114990
Lenovo,Lenovo,AMD,Core i5,Missing,8,DDR4,512,0,Windows,64,4,Casual,15.6,1,No,Yes,99990
ASUS,VivoBook,AMD,Core i5,Missing,8,DDR4,512,0,Windows,64,0,Casual,14,1,No,No,58990
ASUS,Chromebook,Intel,Core i5,Missing,8,DDR4,0,0,Missing,32,0,Casual,0,0,No,No,24990
Lenovo,Thinkpad,AMD,Core i5,Missing,8,DDR4,512,0,Missing,64,0,ThinNlight,14,0,No,No,57490
acer,Intel,Intel,Core i5,11th,8,DDR4,512,0,Windows,64,0,ThinNlight,14,1,No,Yes,60990
DELL,Inspiron,Intel,Core i5,11th,8,DDR4,256,1024,Windows,64,0,ThinNlight,14.9,1,No,Yes,55790
acer,Aspire,Intel,Core i5,11th,8,DDR4,0,1024,Windows,64,0,ThinNlight,14,1,No,No,46990
ASUS,Ryzen,AMD,Core i5,Missing,8,DDR4,512,0,Windows,64,0,Casual,14,1,No,No,79990
ASUS,VivoBook,Intel,Core i5,11th,8,DDR4,256,1024,Windows,64,0,Casual,15.6,1,No,Yes,64990
HP,Core,Intel,Core i5,11th,8,DDR4,512,0,Windows,64,0,Casual,15.6,0,No,No,45650
Lenovo,Ideapad,Intel,Core i5,11th,8,DDR4,256,0,Windows,64,0,ThinNlight,14,1,No,Yes,41990
HP,15s,Intel,Core i5,11th,8,DDR4,0,1024,Windows,64,0,ThinNlight,15.6,1,No,Yes,43690
ASUS,TUF,Intel,Core i5,11th,8,DDR4,1024,0,Windows,64,4,Gaming,17.3,1,No,Yes,77990
ASUS,Chromebook,Intel,Core i5,Missing,8,DDR4,0,0,Missing,32,0,Casual,0,0,No,No,21490
ASUS,Core,Intel,Core i5,11th,8,DDR4,256,1024,Windows,64,0,ThinNlight,17.3,0,No,No,58990
ASUS,ROG,AMD,Core i5,Missing,8,DDR4,1024,0,Windows,64,6,Casual,15.6,1,No,Yes,129990
ASUS,Core,Intel,Core i5,10th,8,DDR4,512,0,Windows,64,0,ThinNlight,15.6,1,No,Yes,47990
APPLE,2020,Apple,Core i5,Missing,8,DDR4,256,0,Mac,64,0,Casual,13.3,1,No,No,85990
DELL,Ryzen,AMD,Core i5,Missing,8,DDR4,512,0,Windows,64,4,Casual,15.6,1,No,No,93990
HP,Pavilion,AMD,Core i5,Missing,8,DDR4,512,0,Windows,64,0,ThinNlight,15.6,1,No,Yes,57999
HP,Core,Intel,Core i5,11th,8,DDR4,512,0,Windows,32,0,ThinNlight,14,1,No,Yes,59999
ASUS,Vivobook,Intel,Core i5,10th,8,DDR4,256,1024,Windows,64,4,Gaming,15.6,0,No,No,66990
ASUS,VivoBook,Intel,Core i5,11th,8,DDR4,512,0,Windows,64,0,Casual,14,1,No,Yes,77990
DELL,G15,Intel,Core i5,10th,8,DDR4,512,0,Windows,64,4,Casual,15.6,1,No,No,79990
ASUS,VivoBook,AMD,Core i5,Missing,8,DDR4,512,0,Windows,64,0,Casual,15.6,0,No,No,56990
Lenovo,IdeaPad,Intel,Core i5,11th,8,DDR4,512,0,Windows,64,4,Gaming,15.6,0,No,No,79990
DELL,Vostro,Intel,Core i5,10th,8,DDR4,512,0,Windows,64,0,ThinNlight,14,1,No,Yes,41990
HP,Pavilion,AMD,Core i5,Missing,8,DDR4,512,0,Windows,64,4,Casual,15.6,1,No,Yes,72990
ASUS,TUF,Intel,Core i5,10th,8,DDR4,512,0,Windows,64,4,Gaming,15.6,1,No,No,63990
HP,Pavilion,Intel,Core i5,11th,8,DDR4,512,0,Windows,64,0,ThinNlight,15.6,1,No,Yes,63990
Infinix,INBook,Intel,Core i5,10th,8,DDR4,256,0,Windows,64,0,ThinNlight,14,0,No,No,32990
ASUS,Chromebook,Intel,Core i5,Missing,8,DDR4,0,0,Missing,32,0,Casual,0,0,No,No,23990
ASUS,ROG,Intel,Core i5,10th,8,DDR4,1024,0,Windows,64,4,Casual,15.6,1,No,No,77990
HP,Pavilion,AMD,Core i5,Missing,8,DDR4,512,0,Windows,64,0,Casual,13.3,1,No,Yes,65990
ASUS,VivoBook,Intel,Core i5,11th,8,DDR4,512,0,Windows,64,0,Casual,14,1,No,No,59990
DELL,Inspiron,Intel,Core i5,10th,8,DDR4,512,0,Windows,64,0,ThinNlight,15.6,1,No,No,45490
Lenovo,IdeaPad,Intel,Core i5,11th,8,DDR4,512,0,Windows,64,0,ThinNlight,14,1,No,No,55990
ASUS,VivoBook,Intel,Core i5,11th,8,DDR4,512,0,Windows,64,0,Casual,14,1,No,No,59990
ASUS,Vivobook,Intel,Core i5,11th,8,DDR4,512,0,Windows,64,0,ThinNlight,14.1,1,No,Yes,44990
HP,Pavilion,Intel,Core i5,11th,8,DDR4,512,0,Windows,64,0,ThinNlight,15.6,1,No,Yes,63990
ASUS,ASUS,AMD,Core i5,Missing,8,DDR4,512,0,Windows,64,4,Gaming,17.3,0,No,No,82990
ASUS,ROG,AMD,Core i5,Missing,8,DDR4,1024,0,Windows,64,4,Casual,13.4,1,Yes,Yes,114990
ASUS,Vivobook,Intel,Core i5,10th,8,DDR4,0,1024,Windows,64,0,Casual,15.6,1,No,No,35990
HP,Envy,AMD,Core i5,Missing,8,DDR4,512,0,Windows,64,0,Casual,13.3,1,Yes,Yes,98020
DELL,Vostro,Intel,Core i5,11th,8,DDR4,512,0,Windows,64,2,Casual,14,1,No,Yes,69490
ASUS,Vivobook,Intel,Core i5,11th,8,DDR4,256,0,Windows,64,0,Casual,15.6,1,No,No,38490
acer,Predator,Intel,Core i5,Missing,8,DDR4,0,0,Missing,32,0,Casual,0,0,No,No,99990
ASUS,EeeBook,Intel,Core i5,Missing,8,DDR4,0,0,Windows,64,0,Casual,0,0,No,No,22990
APPLE,MacBook,Intel,Core i5,10th,8,DDR4,1024,0,Mac,64,0,Casual,13,1,No,No,179990
HP,Chromebook,MediaTek,Core i5,Missing,8,DDR4,0,0,Missing,32,0,Casual,0,0,No,No,22990
DELL,Inspiron,Intel,Core i5,11th,8,DDR4,512,0,Windows,64,0,Casual,14,1,Yes,Yes,89390
ASUS,ZenBook,Intel,Core i5,11th,8,DDR4,512,0,Windows,64,0,ThinNlight,13.3,0,No,No,74990
DELL,Vostro,Intel,Core i5,11th,8,DDR4,256,1024,Windows,64,0,ThinNlight,14,1,No,Yes,54990
acer,Nitro,AMD,Core i5,Missing,8,DDR4,0,0,Missing,32,6,Casual,0,0,No,No,93700
DELL,3000,Intel,Core i5,11th,8,DDR4,0,1024,Windows,32,0,Casual,15.6,0,No,No,43800
HP,Pavilion,Intel,Core i5,11th,8,DDR4,512,0,Windows,64,4,Casual,15.6,1,No,Yes,93190
Lenovo,Core,Intel,Core i5,11th,8,DDR4,256,0,Windows,64,0,ThinNlight,15,1,No,Yes,38990
APPLE,2021,Apple,Core i5,Missing,8,DDR4,1024,0,Mac,64,0,Casual,14.2,1,No,No,225990
acer,Aspire,AMD,Core i5,Missing,8,DDR4,512,0,Windows,64,0,Casual,15.6,0,No,No,34990
Lenovo,Thinkbook,Intel,Core i5,11th,8,DDR4,512,0,Windows,64,0,Casual,14,3,Yes,Yes,64990
Lenovo,Legion,Intel,Core i5,10th,8,DDR4,512,0,Windows,64,4,Casual,15.6,1,No,Yes,66490
DELL,Inspiron,AMD,Core i5,Missing,8,DDR4,256,0,Windows,64,0,ThinNlight,15.6,0,No,No,40590
HP,Pavilion,Intel,Core i5,11th,8,DDR4,256,1024,Windows,64,4,Gaming,15.6,1,No,Yes,71990
HP,HP,AMD,Core i5,Missing,8,DDR4,1024,0,Windows,64,0,ThinNlight,13.3,1,Yes,Yes,92990
DELL,Vostro,Intel,Core i5,11th,8,DDR4,0,1024,Windows,64,0,ThinNlight,14,1,No,Yes,48990
DELL,Inspiron,Intel,Core i5,11th,8,DDR4,512,0,Windows,64,2,Casual,15.6,1,No,Yes,89702
Lenovo,ThinkPad,Intel,Core i5,11th,8,DDR4,256,0,Windows,64,0,Casual,15.6,1,No,Yes,44990
ASUS,ZenBook,Intel,Core i5,11th,8,DDR4,512,0,Windows,64,0,Casual,13.3,1,No,Yes,94990
Lenovo,Thinkbook,Intel,Core i5,11th,8,DDR4,512,0,Windows,64,0,Casual,14,3,Yes,Yes,84990
HP,Pavilion,AMD,Core i5,Missing,8,DDR4,512,0,Windows,64,2,Casual,14,1,No,Yes,63990
Lenovo,Ideapad,Intel,Core i5,11th,8,DDR4,512,0,Windows,64,2,Casual,15.6,1,No,Yes,70990
Lenovo,IdeaPad,Intel,Core i5,10th,8,DDR4,256,0,Windows,64,0,ThinNlight,14,0,No,No,36490
ASUS,Pentium,Intel,Core i5,Missing,8,DDR4,0,1024,Windows,64,0,Casual,15.6,1,No,No,25990
HP,x360,Intel,Core i5,11th,8,DDR4,256,0,Missing,64,0,Casual,14,1,No,No,65390
ASUS,Pentium,Intel,Core i5,Missing,8,DDR4,0,1024,Windows,64,0,Casual,15.6,1,No,No,25990
Infinix,INBook,Intel,Core i5,10th,8,DDR4,512,0,Windows,64,0,ThinNlight,14,0,No,No,42490
HP,Envy,Intel,Core i5,10th,8,DDR4,1024,0,Windows,64,6,Casual,15.6,1,No,Yes,144690
Lenovo,Core,Intel,Core i5,10th,8,DDR4,0,1024,Windows,32,0,Casual,15.6,0,No,No,38990
DELL,3511,Intel,Core i5,11th,8,DDR4,256,1024,Windows,64,2,Casual,15.6,1,No,No,69900
Lenovo,IdeaPad,Intel,Core i5,11th,8,DDR4,512,0,Windows,64,0,ThinNlight,15.6,2,No,Yes,42990
Lenovo,Ideapad,Intel,Core i5,11th,8,DDR4,256,1024,Windows,64,2,Casual,15.6,1,No,Yes,65990
ASUS,VivoBook,Intel,Core i5,10th,8,DDR4,0,1024,Windows,64,0,ThinNlight,15.6,1,No,No,34990
ASUS,Ryzen,AMD,Core i5,Missing,8,DDR4,512,0,Windows,32,0,ThinNlight,15.6,1,No,Yes,49890
MSI,GE76,Intel,Core i5,Missing,8,DDR4,0,0,Missing,32,6,Casual,0,0,No,No,291190
ASUS,Vivobook,Intel,Core i5,11th,8,DDR4,512,0,Windows,64,0,Casual,17.3,1,Yes,Yes,58990
Lenovo,Core,Intel,Core i5,10th,8,DDR4,256,0,Windows,32,0,Casual,15.6,0,No,No,38970
Lenovo,Ideapad,Intel,Core i5,10th,8,DDR4,512,0,Windows,64,2,Casual,15.6,1,No,Yes,57500
ASUS,Vivobook,Intel,Core i5,11th,8,DDR4,0,1024,Windows,64,0,Casual,15.6,1,No,No,38900
DELL,Inspiron,AMD,Core i5,Missing,8,DDR4,512,0,Windows,64,0,ThinNlight,15.6,1,No,Yes,49990
ASUS,ZenBook,Intel,Core i5,11th,8,DDR4,1024,0,Windows,64,0,ThinNlight,13.3,0,No,No,99990
DELL,Inspiron,Intel,Core i5,11th,8,DDR4,512,0,Windows,64,2,Casual,14,1,Yes,Yes,79990
DELL,Vostro,AMD,Core i5,Missing,8,DDR4,512,0,Windows,64,0,ThinNlight,14,1,No,Yes,59490
ASUS,Asus,Intel,Core i5,Missing,8,DDR4,0,1024,Windows,64,0,Casual,15.6,0,No,No,30780
HP,Pavilion,AMD,Core i5,Missing,8,DDR4,1024,0,Windows,64,0,ThinNlight,13.3,1,No,Yes,84190
MSI,Modern,Intel,Core i5,10th,8,DDR4,512,0,Windows,64,0,Casual,14,0,No,No,56541
ASUS,Core,Intel,Core i5,11th,8,DDR4,512,0,Windows,64,0,ThinNlight,17.3,0,No,No,59990
DELL,Inspiron,AMD,Core i5,Missing,8,DDR4,0,1024,Windows,64,0,ThinNlight,15.6,0,No,No,37390
APPLE,MacBook,Intel,Core i5,10th,8,DDR4,1024,0,Mac,64,0,Casual,13,1,No,No,179990
MSI,Core,Intel,Core i5,10th,8,DDR4,512,0,Windows,64,0,ThinNlight,14,0,No,No,57990
Lenovo,ThinkBook,Intel,Core i5,11th,8,DDR4,512,0,Windows,64,0,Casual,13,1,No,Yes,64990
ASUS,Zenbook,AMD,Core i5,Missing,8,DDR4,1024,0,Windows,64,0,Casual,14,0,Yes,No,112990
HP,Envy,AMD,Core i5,Missing,8,DDR4,512,0,Windows,64,0,Casual,13.3,1,Yes,Yes,73999
DELL,Core,Intel,Core i5,11th,8,DDR4,512,0,Windows,64,0,ThinNlight,14,1,No,No,61290
ASUS,Chromebook,Intel,Core i5,Missing,8,DDR4,0,0,Missing,32,0,Casual,0,0,No,No,20490
HP,Envy,Intel,Core i5,11th,8,DDR4,512,0,Windows,64,0,Casual,13.3,1,Yes,Yes,102990
Lenovo,Core,Intel,Core i5,11th,8,DDR4,512,0,Windows,64,0,ThinNlight,14,1,No,Yes,54990
ALIENWARE,Core,NVIDIA,Core i5,Missing,8,DDR4,0,0,Missing,32,6,Casual,0,0,No,No,199990
DELL,Inspiron,Intel,Core i5,10th,8,DDR4,0,1024,Windows,64,0,ThinNlight,15.6,1,No,No,39990
Lenovo,ThinkBook,Intel,Core i5,11th,8,DDR4,512,0,Windows,64,0,Casual,13,1,No,Yes,59990
MSI,Delta,AMD,Core i5,Missing,8,DDR4,1024,0,Windows,64,0,Casual,15.6,0,No,No,146990
ASUS,ASUS,Intel,Core i5,11th,8,DDR4,512,0,Windows,32,6,Casual,15.6,1,No,No,84990
ASUS,VivoBook,Intel,Core i5,11th,8,DDR4,256,1024,Windows,64,0,Casual,14,1,No,No,49990
HP,15s,Intel,Core i5,11th,8,DDR4,512,0,Windows,64,0,ThinNlight,15.6,1,No,Yes,45490
Lenovo,IdeaPad,Intel,Core i5,Missing,8,DDR4,256,0,Windows,64,0,ThinNlight,14,0,No,No,31799
HP,Pavilion,Intel,Core i5,11th,8,DDR4,512,0,Windows,64,0,ThinNlight,14,1,No,Yes,72500
Lenovo,IdeaPad,Intel,Core i5,11th,8,DDR4,512,0,Windows,64,4,Gaming,15.6,0,No,No,59990
Lenovo,A6-9225,AMD,Core i5,Missing,8,DDR4,0,1024,Windows,64,0,ThinNlight,15.6,0,No,No,24990
DELL,Inspiron,AMD,Core i5,Missing,8,DDR4,512,0,Windows,64,0,ThinNlight,15.6,1,No,Yes,60990
HP,Core,Intel,Core i5,11th,8,DDR4,256,0,Windows,64,0,ThinNlight,15.6,1,No,Yes,44900
DELL,Core,Intel,Core i5,11th,8,DDR4,512,0,Windows,64,4,Casual,15.6,1,No,No,99990
ASUS,Vivobook,AMD,Core i5,Missing,8,DDR4,256,0,Windows,64,0,Casual,14.1,1,No,No,37990
ASUS,Vivobook,Intel,Core i5,Missing,8,DDR4,256,0,Windows,64,0,ThinNlight,14.1,1,No,Yes,33990
DELL,G5,AMD,Core i5,Missing,8,DDR4,512,0,Windows,64,6,Casual,14.96,0,No,No,76190
Lenovo,Yoga,Intel,Core i5,11th,8,DDR4,512,0,Windows,64,0,Casual,14,1,Yes,Yes,87990
DELL,INSPIRON,Intel,Core i5,10th,8,DDR4,0,1024,Windows,32,0,Casual,14.96,0,No,No,40890
DELL,Vostro,Intel,Core i5,11th,8,DDR4,256,1024,Windows,64,0,ThinNlight,14,1,No,Yes,43590
MSI,Pulse,Intel,Core i5,Missing,8,DDR4,0,0,Missing,32,4,Casual,0,0,No,No,109590
ASUS,ROG,AMD,Core i5,Missing,8,DDR4,512,0,Windows,64,4,Casual,15.6,0,No,No,106990
HP,14s,Intel,Core i5,11th,8,DDR4,512,0,Windows,64,0,ThinNlight,14,0,No,No,57990
ASUS,ASUS,Intel,Core i5,11th,8,DDR4,512,0,Windows,64,4,Gaming,17.3,0,No,No,94990
DELL,Inspiron,Intel,Core i5,11th,8,DDR4,512,0,Windows,64,0,ThinNlight,15.3,1,No,Yes,69490
Lenovo,Thinkbook,Intel,Core i5,11th,8,DDR4,512,0,Windows,64,0,Casual,14,3,Yes,Yes,68990
Lenovo,Core,Intel,Core i5,11th,8,DDR4,512,0,Windows,32,0,Casual,15.6,1,No,Yes,77990
DELL,G7,NVIDIA,Core i5,Missing,8,DDR4,0,0,Missing,32,8,Casual,0,0,No,No,179990
MSI,Stealth,Intel,Core i5,11th,8,DDR4,1024,0,Windows,64,6,Casual,15.6,2,No,No,119990
HP,Core,Intel,Core i5,10th,8,DDR4,512,0,Windows,32,0,Casual,14.1,0,No,No,38799
ASUS,Zephyrus,Intel,Core i5,11th,8,DDR4,1024,0,Windows,32,4,Casual,16,1,No,No,194990
HP,Envy,Intel,Core i5,11th,8,DDR4,512,0,Windows,64,0,Casual,13.3,1,Yes,Yes,104000
ALIENWARE,Core,NVIDIA,Core i5,Missing,8,DDR4,0,0,Missing,32,8,Casual,0,0,No,No,345390
MSI,Core,Intel,Core i5,11th,8,DDR4,512,0,Windows,64,2,Casual,14,0,No,No,76990
MSI,Modern,AMD,Core i5,Missing,8,DDR4,256,0,Windows,64,0,Casual,14,1,No,No,49990
MSI,Core,Intel,Core i5,10th,8,DDR4,256,0,Windows,64,0,ThinNlight,14,0,No,No,38990
DELL,Vostro,Intel,Core i5,11th,8,DDR4,256,1024,Windows,64,0,ThinNlight,14,1,No,Yes,58990
Lenovo,Yoga,AMD,Core i5,Missing,8,DDR4,512,0,Windows,64,0,ThinNlight,13.3,3,Yes,Yes,74798
ASUS,ROG,AMD,Core i5,Missing,8,DDR4,1024,0,Windows,32,4,Casual,15.6,1,No,No,114990
MSI,Creator,Intel,Core i5,11th,8,DDR4,1024,0,Windows,64,6,Casual,16,0,No,No,192990
SAMSUNG,Galaxy,Qualcomm,Core i5,Missing,8,DDR4,0,0,Windows,32,0,Casual,0,0,No,No,38990
ASUS,ZenBook,Intel,Core i5,11th,8,DDR4,512,0,Windows,64,0,Casual,14,1,Yes,No,105990
MSI,Prestige,Intel,Core i5,11th,8,DDR4,512,0,Windows,64,0,Casual,14,1,No,No,79990
Lenovo,Core,Intel,Core i5,10th,8,DDR4,0,1024,Windows,64,0,ThinNlight,15.6,1,No,No,36990
ASUS,VivoBook,AMD,Core i5,Missing,8,DDR4,512,0,Windows,64,0,Casual,14,1,No,No,58990
DELL,Vostro,Intel,Core i5,11th,8,DDR4,512,0,Windows,64,0,ThinNlight,14,1,No,Yes,55490
ASUS,Vivobook,AMD,Core i5,Missing,8,DDR4,512,0,Windows,64,0,Casual,14,1,No,No,92990
Lenovo,IdeaPad,Intel,Core i5,11th,8,DDR4,512,0,Windows,64,0,ThinNlight,14,1,No,Yes,69990
HP,Ryzen,AMD,Core i5,Missing,8,DDR4,512,0,Windows,32,4,Casual,16.1,0,No,No,68100
ASUS,Zenbook,Intel,Core i5,11th,8,DDR4,512,0,Windows,64,0,Casual,13.3,1,Yes,Yes,84990
DELL,Inspiron,Intel,Core i5,11th,8,DDR4,512,0,Windows,64,0,ThinNlight,15.6,0,No,No,59990
HP,15s,Intel,Core i5,11th,8,DDR4,0,1024,Windows,64,0,ThinNlight,15.6,1,No,Yes,39990
DELL,Inspiron,AMD,Core i5,Missing,8,DDR4,256,0,Windows,64,0,ThinNlight,15.6,1,No,No,44390
ASUS,ZenBook,Intel,Core i5,10th,8,DDR4,1024,0,Windows,64,2,Casual,14,1,No,Yes,124990
Lenovo,Yoga,AMD,Core i5,Missing,8,DDR4,512,0,Windows,64,0,ThinNlight,13.3,1,Yes,Yes,77990
DELL,XPS,Intel,Core i5,10th,8,DDR4,512,0,Windows,64,0,ThinNlight,13.3,1,No,Yes,111890
DELL,Inspiron,Intel,Core i5,11th,8,DDR4,1024,0,Windows,64,2,Casual,15.6,0,No,No,122410
DELL,Inspiron,Intel,Core i5,11th,8,DDR4,512,0,Windows,64,2,Casual,15.6,1,No,No,65990
ASUS,Zenbook,Intel,Core i5,11th,8,DDR4,512,0,Windows,32,0,Casual,14,1,No,Yes,72990
HP,Pavilion,Intel,Core i5,11th,8,DDR4,512,0,Windows,64,0,Casual,14,1,Yes,Yes,69267
DELL,Inspiron,Intel,Core i5,10th,8,DDR4,256,1024,Windows,64,0,Casual,15.6,1,No,No,44690
DELL,Inspiron,Intel,Core i5,11th,8,DDR4,512,0,Windows,64,0,ThinNlight,14,1,No,Yes,71090
HP,Spectre,Intel,Core i5,10th,8,DDR4,1024,0,Windows,64,0,Casual,13.3,1,Yes,No,179990
Lenovo,IdeaPad,Intel,Core i5,Missing,8,DDR4,512,0,Windows,32,4,Casual,16,3,No,Yes,81490
MSI,Katana,Intel,Core i5,11th,8,DDR4,512,0,Windows,64,4,Casual,15.6,2,No,No,74990
HP,15s,AMD,Core i5,Missing,8,DDR4,512,0,Windows,64,0,ThinNlight,15.6,1,No,Yes,44490
DELL,Vostro,Intel,Core i5,11th,8,DDR4,256,0,Windows,64,0,ThinNlight,14,0,No,No,44427
acer,Swift,AMD,Core i5,Missing,8,DDR4,1024,0,Windows,64,4,Casual,14,1,No,No,99990
MSI,Summit,Intel,Core i5,11th,8,DDR4,1024,0,Windows,64,4,Casual,15.6,2,Yes,No,154990
DELL,Ryzen,AMD,Core i5,Missing,8,DDR4,1024,0,Windows,32,0,Casual,15.6,0,No,No,57900
ASUS,ZenBook,Intel,Core i5,10th,8,DDR4,512,0,Windows,64,0,Casual,13.3,1,No,Yes,79990
ASUS,TUF,AMD,Core i5,Missing,8,DDR4,1024,0,Windows,32,4,Gaming,15.6,0,No,No,95990
Lenovo,IdeaPad,Intel,Core i5,10th,8,DDR4,256,1024,Windows,64,4,Gaming,15.6,0,No,No,74590
MSI,Modern,Intel,Core i5,11th,8,DDR4,512,0,Windows,64,0,Casual,14,1,No,No,55490
ASUS,Vivobook,Intel,Core i5,10th,8,DDR4,256,0,Windows,64,0,Casual,14,1,No,No,35990
acer,Aspire,Intel,Core i5,8th,8,DDR4,0,1024,Windows,64,2,Casual,15.6,1,No,Yes,59999
Lenovo,Yoga,Intel,Core i5,11th,8,DDR4,1024,0,Windows,64,0,Casual,13.3,1,No,Yes,122990
DELL,Vostro,Intel,Core i5,11th,8,DDR4,512,0,Windows,64,2,ThinNlight,14,1,No,Yes,66490
ASUS,Vivobook,Intel,Core i5,11th,8,DDR4,512,0,Windows,64,0,Casual,15.6,1,No,Yes,53400
HP,Pavilion,AMD,Core i5,Missing,8,DDR4,512,0,Windows,64,0,ThinNlight,14,1,No,Yes,55090
acer,Predator,Intel,Core i5,10th,8,DDR4,2048,0,Windows,64,8,Casual,15.6,1,No,No,159990
ASUS,Zenbook,AMD,Core i5,Missing,8,DDR4,512,0,Windows,64,0,Casual,14,0,Yes,No,91990
HP,Pavilion,Intel,Core i5,11th,8,DDR4,512,0,Windows,64,4,Gaming,15.6,1,No,Yes,90190
ASUS,Vivobook,Intel,Core i5,11th,8,DDR4,512,0,Windows,64,0,Casual,15.6,1,No,Yes,51649
ASUS,Vivobook,AMD,Core i5,Missing,8,DDR4,512,0,Windows,64,0,Casual,15.6,1,No,Yes,56990
MSI,GS66,Intel,Core i5,Missing,8,DDR4,0,0,Missing,32,8,Casual,0,0,No,No,207290
DELL,Inspiron,Intel,Core i5,11th,8,DDR4,512,0,Windows,64,0,Casual,14,1,Yes,Yes,74500
DELL,XPS,Intel,Core i5,11th,8,DDR4,512,0,Windows,64,0,ThinNlight,13.3,1,No,Yes,114990
HP,Core,Intel,Core i5,11th,8,DDR4,0,1024,Windows,64,0,ThinNlight,15.6,1,No,Yes,41990
DELL,Vostro,Intel,Core i5,11th,8,DDR4,512,0,Windows,64,2,ThinNlight,14,0,No,No,61990
ASUS,ROG,Intel,Core i5,10th,8,DDR4,1024,0,Windows,64,4,Casual,15.6,0,No,No,82990
acer,Aspire,AMD,Core i5,Missing,8,DDR4,256,0,Windows,64,0,Casual,14,1,No,No,29990
APPLE,MacBook,Intel,Core i5,10th,8,DDR4,512,0,Mac,64,0,Casual,13,1,No,No,159990
ASUS,VivoBook,Intel,Core i5,10th,8,DDR4,0,1024,Windows,64,0,ThinNlight,15.6,1,No,No,46990
APPLE,MacBook,Intel,Core i5,8th,8,DDR4,512,0,Mac,64,0,Casual,13.3,1,No,No,172090
HP,Pavilion,AMD,Core i5,Missing,8,DDR4,512,0,Windows,64,0,Casual,13.3,1,No,Yes,84208
Lenovo,Core,Intel,Core i5,11th,8,DDR4,512,0,Windows,32,0,Casual,14,0,Yes,No,88488
acer,Predator,Pre-installed,Core i5,Missing,8,DDR4,0,0,Missing,32,4,Casual,0,0,No,No,129999
MSI,Modern,AMD,Core i5,Missing,8,DDR4,512,0,Windows,64,0,Casual,15.6,0,No,No,64990
MSI,Prestige,Intel,Core i5,10th,8,DDR4,512,0,Windows,64,4,Casual,15.6,1,No,No,109990
MSI,Sword,Intel,Core i5,11th,8,DDR4,512,0,Windows,64,4,Casual,15.6,0,No,No,74990
Lenovo,Ideapad,AMD,Core i5,Missing,8,DDR4,512,0,Windows,64,0,Casual,14,1,No,Yes,60990
ASUS,Core,Intel,Core i5,10th,8,DDR4,1024,0,Windows,64,6,Casual,15.6,1,Yes,No,224990
DELL,XPS,Intel,Core i5,Missing,8,DDR4,0,0,Missing,32,0,ThinNlight,0,1,No,No,139990
HP,OMEN,AMD,Core i5,Missing,8,DDR4,1024,0,Windows,64,8,Casual,15.6,1,No,No,159990
MSI,Modern,Intel,Core i5,10th,8,DDR4,512,0,Windows,64,0,Casual,14,1,No,No,56490
ASUS,Core,Intel,Core i5,10th,8,DDR4,256,1024,Windows,32,2,Casual,15.6,0,No,No,58990
DELL,Inspiron,AMD,Core i5,Missing,8,DDR4,0,1024,Windows,64,0,ThinNlight,15.6,1,No,Yes,52632
ASUS,Vivobook,AMD,Core i5,Missing,8,DDR4,1024,0,Windows,64,0,Casual,14,1,No,No,104990
ASUS,ROG,AMD,Core i5,Missing,8,DDR4,1024,0,Windows,64,0,Casual,14,1,No,Yes,76990
ASUS,EeeBook,Intel,Core i5,Missing,8,DDR4,256,0,Windows,64,0,ThinNlight,14,0,No,No,31990
MSI,Sword,Intel,Core i5,11th,8,DDR4,512,0,Windows,64,4,Casual,15.6,0,No,No,86990
Lenovo,ThinkPad,Intel,Core i5,10th,8,DDR4,512,0,Windows,64,0,ThinNlight,13.3,3,No,No,147000
ASUS,TUF,Intel,Core i5,11th,8,DDR4,1024,0,Windows,64,4,Casual,15.6,1,No,No,87990
HP,Core,Intel,Core i5,11th,8,DDR4,512,0,Windows,64,0,ThinNlight,15.6,1,No,Yes,47990
acer,Swift,Intel,Core i5,7th,8,DDR4,256,0,Windows,64,0,ThinNlight,13.3,1,No,Yes,86867
DELL,Inspiron,AMD,Core i5,Missing,8,DDR4,0,1024,Windows,64,0,Casual,15.6,1,No,Yes,39990
Lenovo,Ideapad,Intel,Core i5,10th,8,DDR4,256,0,Windows,64,0,Casual,15.6,1,No,Yes,40200
Lenovo,Ideapad,Intel,Core i5,11th,8,DDR4,512,0,Windows,64,0,ThinNlight,14,1,No,Yes,55990
HP,Pavilion,Intel,Core i5,11th,8,DDR4,512,0,Windows,64,4,Gaming,15.6,1,No,Yes,77990
MSI,Prestige,Intel,Core i7,11th,8,DDR4,512,0,Windows,64,0,Casual,14,1,No,No,89990
MSI,Stealth,Intel,Core i7,12th,8,DDR4,1024,0,Windows,64,8,Casual,15.6,0,No,No,279990
HP,Envy,Intel,Core i7,10th,8,DDR4,512,0,Windows,64,4,Casual,15.6,1,No,Yes,106490
Lenovo,IdeaPad,Intel,Core i7,11th,8,DDR4,512,0,Windows,32,2,Casual,14,1,No,Yes,70990
ASUS,ROG,Intel,Core i7,12th,8,DDR4,1024,0,Windows,64,6,Casual,15.6,0,No,No,299990
ASUS,ROG,AMD,Core i7,Missing,8,DDR4,1024,0,Windows,64,4,Casual,13.4,1,Yes,No,114990
HP,15,Intel,Core i7,8th,8,DDR4,128,1024,Windows,64,4,Casual,15.6,1,No,No,116941
MICROSOFT,Surface,Intel,Core i7,10th,8,DDR4,128,0,Windows,64,0,Casual,13,0,Yes,No,100190
ASUS,Vivobook,Intel,Core i7,Missing,8,DDR4,0,0,Windows,64,0,Casual,0,0,No,No,26990
Lenovo,ThinkPad,Intel,Core i7,10th,8,DDR4,512,512,Windows,64,0,ThinNlight,14,3,Yes,No,155411
HP,Spectre,Intel,Core i7,10th,8,DDR4,512,0,Windows,64,0,Casual,13.3,1,Yes,Yes,239759
Lenovo,ThinkPad,Intel,Core i7,11th,8,DDR4,512,0,Windows,64,0,Casual,15.6,1,No,Yes,64990
acer,Nitro,AMD,Core i7,Missing,8,DDR4,0,0,Missing,32,4,Casual,0,0,No,No,72990
Lenovo,Core,Intel,Core i7,10th,8,DDR4,256,0,Windows,32,0,Casual,14,0,No,No,40990
DELL,Inspiron,Intel,Core i7,10th,8,DDR4,256,0,Windows,64,0,ThinNlight,14.96,1,No,No,42490
HP,Pavilion,AMD,Core i7,Missing,8,DDR4,256,1024,Windows,64,4,Gaming,15.6,1,No,No,80000
ASUS,VivoBook,Intel,Core i7,Missing,8,DDR4,256,0,Windows,64,0,Casual,15.6,0,No,No,29890
acer,Aspire,AMD,Core i7,Missing,8,DDR4,512,0,Windows,64,0,Casual,15.6,1,No,No,44990
acer,Aspire,Intel,Core i7,11th,8,DDR4,512,0,Windows,64,0,Casual,15.6,1,No,No,57990
HP,15s,AMD,Core i7,Missing,8,DDR4,512,0,Windows,64,0,ThinNlight,15.6,1,No,Yes,53490
LG,Gram,Intel,Core i7,10th,8,DDR4,256,0,Windows,64,0,Casual,15.6,0,No,No,76990
DELL,Core,Intel,Core i7,11th,8,DDR4,0,1024,Windows,32,0,Casual,15.6,0,No,No,43970
HP,OMEN,Intel,Core i7,11th,8,DDR4,1024,0,Windows,64,4,Casual,16.1,0,No,No,121990
acer,Extensa,Intel,Core i7,Missing,8,DDR4,256,0,Windows,64,0,Casual,15.6,1,No,No,30990
HP,OMEN,Intel,Core i7,11th,8,DDR4,1024,0,Windows,64,4,Casual,16.1,0,No,No,116990
APPLE,MacBook,Apple,Core i7,Missing,8,DDR4,512,0,Mac,64,0,Casual,13.3,1,No,No,124990
ASUS,ExpertBook,Intel,Core i7,10th,8,DDR4,256,1024,Windows,64,0,Casual,15.6,0,No,No,40990
Lenovo,Legion,Intel,Core i7,11th,8,DDR4,1024,0,Windows,64,6,Casual,16,0,No,No,151098
ASUS,VivoBook,Intel,Core i7,11th,8,DDR4,512,0,Windows,64,2,Casual,15.6,1,No,Yes,78990
DELL,G15,NVIDIA,Core i7,Missing,8,DDR4,0,0,Missing,32,4,Casual,0,0,No,No,95990
DELL,XPS,Intel,Core i7,8th,8,DDR4,512,0,Windows,64,0,ThinNlight,13.3,1,No,Yes,121890
realme,Book,Intel,Core i7,11th,8,DDR4,256,0,Windows,64,0,ThinNlight,14,1,No,Yes,47999
ASUS,ExpertBook,Intel,Core i7,11th,8,DDR4,256,0,Missing,64,0,Casual,15.6,0,No,No,35990
ASUS,TUF,Intel,Core i7,10th,8,DDR4,512,0,Windows,64,4,Gaming,15.6,1,No,No,64990
ASUS,ZenBook,Intel,Core i7,8th,8,DDR4,512,0,Windows,64,0,ThinNlight,14,1,No,No,85990
DELL,Vostro,Intel,Core i7,11th,8,DDR4,256,1024,Windows,64,0,ThinNlight,14,1,No,Yes,43990
MSI,Modern,Intel,Core i7,10th,8,DDR4,512,0,Windows,64,0,Casual,14,1,No,No,54990
HP,Omen,Intel,Core i7,Missing,8,DDR4,0,0,Missing,32,4,Casual,0,0,No,No,102551
DELL,Core,Intel,Core i7,11th,8,DDR4,256,0,Windows,64,0,Casual,14,0,Yes,No,71999
ASUS,ROG,AMD,Core i7,Missing,8,DDR4,1024,0,Windows,64,4,Casual,13.4,1,Yes,Yes,124990
Lenovo,Ryzen,AMD,Core i7,Missing,8,DDR4,512,0,Windows,64,4,Casual,15.6,1,No,Yes,84988
Lenovo,Legion,AMD,Core i7,Missing,8,DDR4,512,0,Windows,64,4,Casual,15.6,0,No,No,76498
MSI,Katana,Intel,Core i7,11th,8,DDR4,512,0,Windows,64,4,Casual,15.6,2,No,No,94990
HP,Pavilion,AMD,Core i7,Missing,8,DDR4,512,0,Windows,64,4,Casual,15.6,1,No,No,90990
Vaio,SE,Intel,Core i7,8th,8,DDR4,512,0,Windows,64,0,ThinNlight,14,2,No,Yes,62890
MICROSOFT,Surface,AMD,Core i7,Missing,8,DDR4,128,0,Windows,64,0,Casual,15,0,Yes,No,99990
ASUS,VivoBook,AMD,Core i7,Missing,8,DDR4,256,0,Windows,64,0,ThinNlight,15.6,1,No,Yes,34500
DELL,Ryzen,AMD,Core i7,Missing,8,DDR4,512,0,Windows,64,4,Casual,14.96,1,No,No,98920
Lenovo,Legion,AMD,Core i7,Missing,8,DDR4,1024,0,Windows,64,6,Casual,15.6,1,No,Yes,130990
LG,Gram,Intel,Core i7,11th,8,DDR4,256,0,Windows,64,0,ThinNlight,14,0,No,No,76990
ASUS,Vivobook,AMD,Core i7,Missing,8,DDR4,1024,0,Windows,64,0,Casual,15.6,1,No,No,99990
HP,Spectre,Intel,Core i7,11th,8,DDR4,512,0,Windows,64,0,Casual,13.5,0,Yes,No,111999
MSI,GP76,Intel,Core i7,Missing,8,DDR4,0,0,Missing,32,8,Casual,0,0,No,No,179990
ASUS,Vivobook,Intel,Core i7,11th,8,DDR4,256,0,Windows,64,0,Casual,15.6,1,No,No,39990
MSI,Pulse,Intel,Core i7,11th,8,DDR4,1024,0,Windows,64,8,Casual,15.6,2,No,No,129990
ASUS,Zenbook,AMD,Core i7,Missing,8,DDR4,1024,0,Windows,64,0,Casual,14,0,Yes,No,134990
Lenovo,Yoga,Intel,Core i7,10th,8,DDR4,512,0,Windows,64,2,Casual,14,1,No,Yes,70798
DELL,Vostro,AMD,Core i7,Missing,8,DDR4,512,0,Windows,64,0,ThinNlight,14,0,No,No,40590
Lenovo,Legion,Intel,Core i7,9th,8,DDR4,512,0,Windows,64,4,Casual,15.6,0,No,No,59990
MSI,Modern,AMD,Core i7,Missing,8,DDR4,512,0,Windows,64,0,Casual,15.6,0,No,No,54990
ASUS,VivoBook,Intel,Core i7,10th,8,DDR4,512,0,Windows,64,0,Casual,14,1,No,No,40990
ASUS,Core,Intel,Core i7,10th,8,DDR4,1024,0,Windows,64,6,Casual,15.6,1,Yes,No,269990
acer,ConceptD,Intel,Core i7,8th,8,DDR4,512,0,Windows,64,4,Casual,15.6,1,No,No,99500
ASUS,Vivobook,Intel,Core i7,11th,8,DDR4,256,0,Windows,64,0,ThinNlight,14,1,No,No,48990
HP,Spectre,Intel,Core i7,11th,8,DDR4,1024,0,Windows,64,0,Casual,13.5,1,Yes,No,149999
HP,14s,Intel,Core i7,10th,8,DDR4,512,0,Windows,64,0,ThinNlight,14,1,No,Yes,55990
ASUS,ROG,AMD,Core i7,Missing,8,DDR4,1024,0,Windows,64,4,Casual,15.6,0,No,No,112990
Vaio,E,AMD,Core i7,Missing,8,DDR4,512,0,Windows,64,0,ThinNlight,15.6,2,No,Yes,56990
ASUS,Vivobook,Intel,Core i7,11th,8,DDR4,256,1024,Windows,64,0,Casual,15.6,1,No,No,64990
Lenovo,IdeaPad,Intel,Core i7,10th,8,DDR4,256,0,Windows,64,0,Casual,15.6,1,No,Yes,41998
Lenovo,Ideapad,AMD,Core i7,Missing,8,DDR4,1024,0,Windows,64,0,Casual,14,1,No,Yes,77988
MSI,Core,Intel,Core i7,12th,8,DDR4,1024,0,Windows,64,6,Casual,15.6,0,No,No,139990
ASUS,ZenBook,Intel,Core i7,8th,8,DDR4,512,0,Windows,64,0,ThinNlight,13.3,1,No,No,72990
HP,OMEN,AMD,Core i7,Missing,8,DDR4,1024,0,Windows,64,8,Casual,16.1,1,No,Yes,141990
ASUS,ASUS,Intel,Core i7,Missing,8,DDR4,0,0,Windows,64,0,Casual,0,0,No,No,45990
ALIENWARE,Core,NVIDIA,Core i7,Missing,8,DDR4,0,0,Missing,32,6,Casual,0,0,No,No,214790
ASUS,EeeBook,Intel,Core i7,Missing,8,DDR4,0,0,Windows,32,0,Casual,All,0,No,No,21990
HP,Notebook,Intel,Core i7,11th,8,DDR4,0,1024,Windows,64,0,ThinNlight,14,1,No,No,39790
ASUS,ROG,AMD,Core i7,Missing,8,DDR4,1024,0,Windows,64,0,Casual,14,1,No,Yes,76000
acer,Predator,Intel,Core i7,11th,8,DDR4,1024,0,Windows,64,6,Casual,15.6,1,No,No,129990
acer,Swift,Intel,Core i7,8th,8,DDR4,512,0,Windows,64,0,ThinNlight,14,1,No,No,64990
ASUS,Core,Intel,Core i7,11th,8,DDR4,512,0,Windows,64,0,ThinNlight,15.6,0,No,No,57990
HP,OMEN,Intel,Core i7,11th,8,DDR4,1024,0,Windows,64,8,Casual,16.1,1,No,Yes,171990
ASUS,Core,Intel,Core i7,10th,8,DDR4,512,0,Windows,64,0,ThinNlight,15.6,1,No,Yes,42990
Smartron,t.book,Intel,Core i7,7th,8,DDR4,128,0,Windows,64,0,Casual,12.2,0,Yes,No,52990
ASUS,VivoBook,AMD,Core i7,Missing,8,DDR4,512,0,Windows,64,0,Casual,14,1,No,No,63990
acer,Aspire,AMD,Core i7,Missing,8,DDR4,512,0,Windows,64,0,Casual,15.6,1,No,No,49990
Lenovo,Ideapad,AMD,Core i7,Missing,8,DDR4,512,0,Windows,64,0,Casual,14,1,No,Yes,63990
HP,Ryzen,AMD,Core i7,Missing,8,DDR4,512,0,Windows,64,0,ThinNlight,14,1,No,Yes,57999
MSI,GP65,Intel,Core i7,Missing,8,DDR4,0,0,Missing,32,6,Casual,0,0,No,No,145990
HP,HP,Intel,Core i7,11th,8,DDR4,512,0,Windows,64,2,Casual,13.3,1,Yes,Yes,76990
DELL,Ryzen,AMD,Core i7,Missing,8,DDR4,256,1024,Windows,32,0,Casual,15.6,0,No,No,51990
ASUS,Rog,AMD,Core i7,Missing,8,DDR4,1024,0,Windows,64,0,Casual,15.6,1,No,No,129990
DELL,Inspiron,Intel,Core i7,11th,8,DDR4,256,1024,Windows,64,2,Casual,15.6,0,No,No,66490
DELL,Inspiron,Intel,Core i7,Missing,8,DDR4,256,0,Windows,64,0,ThinNlight,15.6,1,No,No,36000
ASUS,ROG,AMD,Core i7,Missing,8,DDR4,1024,0,Windows,64,4,Casual,13.4,1,Yes,No,99990
Lenovo,Ideapad,Intel,Core i7,11th,8,DDR4,512,0,Windows,64,0,Casual,15.6,2,No,Yes,62998
ASUS,Core,Intel,Core i7,11th,8,DDR4,256,0,Windows,32,0,Casual,15.6,0,No,No,41990
DELL,Inspiron,Intel,Core i7,11th,8,DDR4,512,0,Windows,64,0,Casual,14,1,Yes,Yes,77990
ASUS,ROG,Intel,Core i7,Missing,8,DDR4,0,0,Missing,32,4,Casual,0,0,No,No,106167
MICROSOFT,Surface,Intel,Core i7,8th,8,DDR4,128,0,Windows,64,0,Casual,13.5,0,Yes,No,91999
ASUS,Ryzen,AMD,Core i7,Missing,8,DDR4,512,0,Windows,32,4,Casual,14,0,No,No,72400
Lenovo,Ideapad,Intel,Core i7,10th,8,DDR4,256,0,Windows,64,0,Casual,15.6,2,No,Yes,39999
HP,Spectre,Intel,Core i9,10th,8,DDR4,512,0,Windows,64,0,Casual,13.3,1,Yes,Yes,114990
HP,Ryzen,AMD,Core i9,Missing,8,DDR4,512,0,Windows,32,0,Casual,15.6,0,No,No,52380
ASUS,ROG,AMD,Core i9,Missing,8,DDR4,1024,0,Windows,64,4,Casual,13.4,1,Yes,Yes,142990
ASUS,Zephyrus,AMD,Core i9,Missing,8,DDR4,1024,0,Windows,64,0,Casual,14,1,No,No,121990
DELL,DELL,Intel,Core i9,10th,8,DDR4,512,0,Windows,64,2,Casual,15.6,1,No,Yes,65990
DELL,Inspiron,Intel,Core i9,11th,8,DDR4,512,0,Windows,64,2,Casual,14,1,No,Yes,88990
DELL,Inspiron,Intel,Core i9,11th,8,DDR4,1024,0,Windows,64,2,Casual,15.6,1,No,Yes,93955
Lenovo,Yoga,AMD,Dual Core,Missing,8,DDR4,512,0,Windows,64,0,Casual,13.3,1,Yes,No,78990
LG,Gram,Intel,Dual Core,10th,8,DDR4,256,0,Windows,64,0,Casual,14,0,No,No,62990
ASUS,ROG,Intel,Ever Screenpad,10th,8,DDR4,1024,0,Windows,64,8,Casual,15.6,0,No,No,234990
DELL,Vostro,Intel,Ever Screenpad,11th,8,DDR4,256,1024,Windows,64,0,ThinNlight,14,1,No,Yes,43590
ASUS,Commercial,Intel,GB SSD,10th,8,DDR4,256,0,Windows,32,0,Casual,14,0,No,No,39990
HP,Spectre,Intel,GeForce GTX,11th,8,DDR4,1024,0,Windows,64,0,Casual,13.3,1,Yes,Yes,128500
Lenovo,X390,Intel,GeForce GTX,10th,8,DDR4,512,0,Windows,64,0,Casual,13.3,0,No,No,113590
DELL,Vostro,Intel,GeForce RTX,10th,8,DDR4,256,1024,Windows,64,0,ThinNlight,14,1,No,Yes,41390
ASUS,Core,Intel,GeForce RTX,10th,8,DDR4,0,1024,Windows,32,0,ThinNlight,14,0,No,No,35590
Mi,Notebook,Intel,GEFORCE RTX,10th,8,DDR4,512,0,Windows,64,2,Casual,14,1,No,No,54990
ASUS,Core,Intel,GeForce RTX,11th,8,DDR4,256,1024,Windows,32,0,ThinNlight,15.6,0,No,No,82500
DELL,Inspiron,Intel,GeForce RTX,11th,8,DDR4,256,0,Windows,64,0,ThinNlight,15.6,0,No,No,55990
ASUS,VivoBook,Intel,Genuine Windows,11th,8,DDR4,512,0,Windows,64,0,Casual,14,1,Yes,Yes,73990
ASUS,Vivobook,Intel,Genuine Windows,11th,8,DDR4,512,0,Windows,64,0,Casual,15.6,1,No,No,44890
Lenovo,Yoga,AMD,Genuine Windows,Missing,8,DDR4,1024,0,Windows,64,0,ThinNlight,13.3,3,Yes,Yes,81978
ASUS,Zephyrus,AMD,Hexa Core,Missing,8,DDR4,1024,0,Windows,64,0,Casual,14,1,No,No,111000
Lenovo,Yoga,Intel,Hexa Core,11th,8,DDR4,1024,0,Windows,64,0,Casual,14,1,Yes,Yes,102990
Lenovo,Ideapad,Intel,i5,11th,8,DDR4,256,0,Windows,64,0,Casual,15.6,0,No,No,39998
HP,Pavilion,Intel,i5,11th,8,DDR4,512,0,Windows,64,4,Gaming,15.6,1,No,Yes,92000
HP,Pavilion,AMD,i5,Missing,8,DDR4,0,1024,Windows,64,4,Gaming,15.6,1,No,No,59990
LG,Gram,Intel,i5,11th,8,DDR4,512,0,Windows,64,0,ThinNlight,16,0,No,No,86990
HP,14s,Intel,i5,11th,8,DDR4,256,0,Windows,64,0,ThinNlight,14,1,No,Yes,42490
MSI,GF63,Intel,i5,10th,8,DDR4,0,1024,Windows,64,4,Casual,15.6,2,No,No,52990
HP,Core,Intel,i7,11th,8,DDR4,512,0,Windows,64,0,ThinNlight,15.6,1,No,Yes,61000
acer,Aspire,AMD,i7,Missing,8,DDR4,512,0,Windows,64,0,ThinNlight,15.6,1,No,No,59990
ASUS,ZenBook,Intel,i7,11th,8,DDR4,512,0,Windows,64,0,Casual,14,1,Yes,No,99990
ASUS,ROG,AMD,i7,Missing,8,DDR4,1024,0,Windows,64,4,Casual,13.4,1,Yes,Yes,124990
acer,Predator,Intel,i7,10th,8,DDR4,256,1024,Windows,64,6,Casual,15.6,1,No,No,119990
ASUS,ROG,AMD,i7,Missing,8,DDR4,512,0,Windows,32,4,Casual,15.6,1,No,No,111990
Lenovo,ThinkPad,Intel,i7,11th,8,DDR4,512,0,Windows,64,0,ThinNlight,15.6,1,No,Yes,67990
acer,Aspire,AMD,i7,Missing,8,DDR4,512,0,Windows,64,0,ThinNlight,15.6,1,No,No,49990
HP,Ryzen,AMD,i7,Missing,15.6,DDR4,512,0,Windows,32,0,Casual,13.3,0,Yes,No,109000
DELL,G3,Intel,i7,10th,15.6,DDR4,256,1024,Windows,64,4,Casual,15.6,0,No,No,77900
DELL,Inspiron,Intel,i7,11th,15.6,DDR4,512,0,Windows,64,0,Casual,14,1,Yes,Yes,70799
HP,14s,AMD,i7,Missing,15.6,DDR4,512,0,Windows,64,0,ThinNlight,14,1,No,Yes,52500
lenovo,Yoga,Intel,i7,Missing,15.6,DDR4,0,0,Missing,32,0,Casual,0,0,No,No,171998
Lenovo,Core,Intel,M1 Max,7th,15.6,DDR4,0,1024,Windows,32,2,Casual,14,0,No,No,57999
Lenovo,B50-70,Intel,M1 Pro,4th,16,DDR4,0,1024,Windows,64,0,Casual,15.6,0,No,No,52490
ASUS,ZenBook,Intel,M1 Pro,11th,16,DDR4,1024,0,Windows,64,0,Casual,14,1,Yes,No,119990
Lenovo,Ideapad,Intel,M1 Pro,8th,16,DDR4,0,1024,Windows,64,4,Casual,15.6,1,No,No,56990
Lenovo,ThinkPad,Intel,M1 Pro,11th,16,DDR4,512,0,Windows,64,0,ThinNlight,15.6,1,No,Yes,65990
acer,Swift,Intel,M1 Pro,8th,16,DDR4,256,0,Windows,64,0,ThinNlight,14,1,Yes,Yes,81998
ASUS,ROG,AMD,M1 Processor,Missing,16,DDR4,1024,0,Windows,64,6,Casual,15.6,0,No,No,141990
ASUS,VivoBook,Intel,M1 Processor,8th,16,DDR4,512,0,Windows,64,0,ThinNlight,14,1,No,No,53690
DELL,Core,Intel,M1 Processor,Missing,16,DDR4,0,0,Missing,32,4,Casual,0,1,No,No,68090
MSI,WF65,Intel,M1 Processor,10th,16,DDR4,256,1024,Windows,64,4,Casual,15.6,3,No,No,159990
ASUS,Pentium,Intel,M1 Processor,Missing,16,DDR4,128,0,Windows,32,0,Casual,13.3,0,Yes,No,58100
Vaio,E,AMD,M1 Processor,Missing,16,DDR4,512,0,Windows,64,0,ThinNlight,15.6,2,No,Yes,49590
ASUS,Vivobook,AMD,M1 Processor,Missing,16,DDR4,1024,0,Windows,64,4,Casual,16,1,No,No,162990
MSI,Modern,Intel,M1 Processor,11th,16,DDR4,512,0,Windows,64,0,ThinNlight,14,1,No,No,55990
ASUS,Zephyrus,Intel,M1 Processor,11th,16,DDR4,3072,0,Windows,32,6,Casual,17.3,1,No,No,441990
ASUS,Vivobook,Intel,M1 Processor,11th,16,DDR4,512,0,Windows,64,0,Casual,15.6,1,No,Yes,53190
Lenovo,IdeaPad,Intel,M1 Processor,10th,16,DDR4,512,0,Windows,32,2,Casual,15.6,2,No,Yes,58999
ASUS,F17,Intel,M1 Processor,11th,16,DDR4,1024,0,Windows,64,4,Casual,17.3,0,No,No,84500
Lenovo,Core,Intel,M1 Processor,10th,16,DDR4,256,0,Windows,32,0,Casual,15.6,0,No,No,41990
ASUS,Core,Intel,M1 Processor,11th,16,DDR4,1024,0,Windows,32,6,Casual,15.6,0,No,No,120980
DELL,Inspiron,Intel,M1 Processor,11th,16,DDR4,512,0,Windows,64,2,ThinNlight,15.6,3,No,No,71990
HP,14s,Intel,M1 Processor,10th,16,DDR4,0,1024,Windows,64,0,ThinNlight,14,1,No,Yes,36490
HP,Core,Intel,M1 Processor,11th,16,DDR4,512,0,Windows,32,4,Casual,16.1,0,No,No,82000
ASUS,Core,Intel,MediaTek Kompanio,11th,16,DDR4,256,0,Windows,32,0,Casual,15.6,0,No,No,48490
ASUS,VivoBook,Intel,MediaTek Kompanio,10th,16,DDR4,0,1024,Windows,64,0,ThinNlight,15.6,1,No,Yes,38990
ASUS,Zephyrus,Intel,MediaTek Kompanio,11th,16,DDR4,1024,0,Windows,32,6,Casual,16,1,No,No,157249
ASUS,Ryzen,AMD,Pentium Quad,Missing,16,DDR4,512,0,Windows,64,0,ThinNlight,15.6,1,No,Yes,49990
ALIENWARE,Core,NVIDIA,Pentium Quad,Missing,16,DDR4,0,0,Missing,32,8,Casual,0,0,No,No,269290
ASUS,ZenBook,Intel,Pentium Quad,11th,16,DDR4,512,0,Windows,64,0,ThinNlight,13.3,0,No,No,84990
DELL,Inspiron,Intel,Pentium Quad,11th,16,DDR4,256,1024,Windows,64,2,Casual,15.6,0,No,No,67490
acer,Aspire,AMD,Pentium Quad,Missing,16,DDR4,512,0,Windows,64,0,ThinNlight,15.6,1,No,No,75999
ASUS,Vivobook,AMD,Pentium Quad,Missing,16,DDR4,1024,0,Windows,64,0,Casual,16,1,No,No,130500
Lenovo,Core,Intel,Pentium Quad,9th,16,DDR4,1024,0,Windows,64,4,ThinNlight,15.6,0,No,No,229900
HP,Core,Intel,Pentium Quad,11th,16,DDR4,256,0,Windows,64,0,ThinNlight,14,1,No,Yes,44376
HP,Spectre,Intel,Pentium Quad,10th,16,DDR4,512,0,Windows,64,0,Casual,13.3,1,Yes,No,162990
acer,Dual,AMD,Pentium Quad,Missing,16,DDR4,256,0,Windows,64,0,Casual,15.6,1,No,No,31990
acer,Spin,Intel,Pentium Quad,Missing,16,DDR4,0,0,Missing,32,0,Casual,0,1,No,No,119990
ASUS,Vivobook,Intel,Pentium Quad,Missing,16,DDR4,256,0,Windows,64,0,ThinNlight,14,1,No,Yes,32990
Lenovo,Thinpad,Intel,Pentium Quad,11th,16,DDR4,512,0,Windows,64,2,Casual,15.6,0,No,No,89998
DELL,XPS,Intel,Pentium Silver,11th,16,DDR4,512,0,Windows,64,0,ThinNlight,13.3,1,No,Yes,135300
MSI,Modern,Intel,Pentium Silver,11th,16,DDR4,512,0,Windows,64,0,Casual,14,0,No,No,64990
acer,Aspire,Intel,processor_name,8th,16,DDR4,0,1024,Windows,64,2,ThinNlight,15.6,1,No,No,61990
ASUS,Vivobook,AMD,Quad,Missing,16,DDR4,1024,0,Windows,64,4,Casual,14,0,No,No,116990
ASUS,ZenBook,Intel,Ryzen 3,11th,16,DDR4,512,0,Windows,64,0,Casual,14,1,Yes,No,99990
ASUS,VivoBook,Intel,Ryzen 3,10th,16,DDR4,512,0,Windows,64,0,Casual,14,1,No,No,41490
ASUS,ASUS,Intel,Ryzen 3,11th,16,DDR4,1024,0,Windows,64,6,Casual,15.6,1,No,No,131500
ASUS,Zenbook,Intel,Ryzen 3,11th,16,DDR4,512,0,Windows,64,0,ThinNlight,13.3,0,No,No,84990
Lenovo,IdeaPad,Intel,Ryzen 3,10th,16,DDR4,512,0,Windows,64,4,Gaming,15.6,0,No,No,69899
DELL,Vostro,Intel,Ryzen 3,11th,16,DDR4,256,1024,Windows,64,0,ThinNlight,14,1,No,Yes,61990
DELL,Inpiron,Intel,Ryzen 3,10th,16,DDR4,512,0,Windows,64,4,Casual,15.6,1,No,No,79990
ASUS,Ryzen,AMD,Ryzen 3,Missing,16,DDR4,1024,0,Windows,32,6,Casual,14,0,No,No,138990
DELL,GAMING,Intel,Ryzen 3,10th,16,DDR4,512,0,Windows,64,4,Casual,15.6,1,No,No,76300
DELL,Vostro,Intel,Ryzen 3,10th,16,DDR4,256,1024,Windows,64,0,ThinNlight,14,1,No,Yes,44290
DELL,Core,Intel,Ryzen 3,11th,16,DDR4,0,1024,Windows,32,0,Casual,15,0,No,No,58090
DELL,G5,AMD,Ryzen 3,Missing,16,DDR4,512,0,Windows,64,6,Casual,15.6,0,No,No,89990
Lenovo,Yoga,AMD,Ryzen 3,Missing,16,DDR4,512,0,Windows,64,0,Casual,13.3,3,Yes,Yes,78988
Lenovo,Ideapad,Intel,Ryzen 3,10th,16,DDR4,512,0,Windows,64,0,Casual,15.6,1,No,Yes,55999
DELL,Inspiron,Intel,Ryzen 3,11th,16,DDR4,512,0,Windows,64,0,ThinNlight,14,0,No,No,72900
Lenovo,ThinkPad,Intel,Ryzen 3,10th,16,DDR4,512,0,Windows,64,0,ThinNlight,13.3,3,No,No,174527
DELL,Inspiron,Intel,Ryzen 3,11th,16,DDR4,512,0,Windows,64,0,Casual,14,1,Yes,Yes,73990
Lenovo,ThinkPad,Intel,Ryzen 3,10th,16,DDR4,512,512,Windows,64,0,ThinNlight,14,3,Yes,No,125394
ASUS,ROG,AMD,Ryzen 3,Missing,16,DDR4,1024,0,Windows,64,4,Casual,13.4,1,Yes,Yes,234990
ASUS,VivoBook,AMD,Ryzen 3,Missing,16,DDR4,256,1024,Windows,64,0,Casual,17.3,1,No,Yes,62990
DELL,Inspiron,Intel,Ryzen 3,11th,16,DDR4,256,1024,Windows,64,0,Casual,15.6,1,No,No,48999
ASUS,ZenBook,Intel,Ryzen 3,11th,16,DDR4,512,0,Windows,64,0,ThinNlight,13.3,0,No,No,84990
DELL,Core,Intel,Ryzen 3,11th,16,DDR4,512,0,Windows,32,2,Casual,15.6,0,No,No,73519
Lenovo,Ryzen,AMD,Ryzen 3,Missing,16,DDR4,512,0,Windows,64,4,Casual,15.6,0,No,No,73138
ASUS,ExpertBook,Intel,Ryzen 5,10th,16,DDR4,1024,0,Windows,64,0,Casual,14,0,No,No,154990
HP,Spectre,Intel,Ryzen 5,10th,16,DDR4,512,0,Windows,64,0,Casual,13.3,1,Yes,No,126000
Lenovo,ThinkPad,Intel,Ryzen 5,10th,16,DDR4,512,0,Windows,64,0,ThinNlight,13.3,0,No,No,162299
ASUS,Core,Intel,Ryzen 5,10th,16,DDR4,0,1024,Windows,32,0,ThinNlight,15.6,0,No,No,33990
ASUS,ZenBook,First,Ryzen 5,Missing,16,DDR4,0,0,Missing,64,4,Casual,0,0,No,No,209690
ASUS,ExpertBook,Intel,Ryzen 5,10th,16,DDR4,512,0,Missing,32,2,Casual,14,0,No,No,69990
LG,Gram,Intel,Ryzen 5,11th,16,DDR4,256,0,Windows,64,0,ThinNlight,14,0,No,No,76990
ASUS,ASUS,Intel,Ryzen 5,11th,16,DDR4,512,0,Windows,64,6,Casual,15.6,1,No,No,88990
ASUS,AMD,AMD,Ryzen 5,Missing,16,DDR4,512,0,Windows,64,0,Casual,13.3,1,No,No,80990
Avita,PURA,AMD,Ryzen 5,Missing,16,DDR4,256,0,Windows,64,0,ThinNlight,14,0,No,No,24990
DELL,DELL,AMD,Ryzen 5,Missing,16,DDR4,0,1024,Windows,64,0,Casual,15.6,1,No,No,43990
HP,HP,Intel,Ryzen 5,11th,16,DDR4,512,0,Windows,64,0,ThinNlight,13.5,1,Yes,Yes,114999
DELL,Core,Intel,Ryzen 5,11th,16,DDR4,256,0,Windows,32,0,Casual,15.6,0,No,No,43900
acer,Core,Pre-installed,Ryzen 5,Missing,16,DDR4,128,0,Missing,32,4,Casual,6th,0,No,No,116640
DELL,Inspiron,Intel,Ryzen 5,11th,16,DDR4,512,0,Windows,64,2,Casual,14,1,Yes,Yes,82990
DELL,INSPIRON,Intel,Ryzen 5,11th,16,DDR4,256,0,Windows,64,0,Casual,15.6,1,No,No,46690
acer,Intel,Intel,Ryzen 5,11th,16,DDR4,512,0,Windows,64,0,ThinNlight,14,0,Yes,No,109999
ASUS,ROG,AMD,Ryzen 5,Missing,16,DDR4,1024,0,Windows,64,0,Casual,15.6,1,No,No,135990
ASUS,ExpertBook,Intel,Ryzen 5,10th,16,DDR4,1024,0,Windows,64,0,Casual,14,0,No,No,165990
Lenovo,Yoga,Intel,Ryzen 5,11th,16,DDR4,512,0,Windows,64,0,ThinNlight,14,1,Yes,Yes,82990
ASUS,ExpertBook,Intel,Ryzen 5,10th,16,DDR4,0,1024,Windows,64,0,Casual,14,0,No,No,56990
Lenovo,Yoga,Intel,Ryzen 5,10th,16,DDR4,1024,0,Windows,64,0,ThinNlight,14,0,No,No,119990
DELL,Inspiron,Intel,Ryzen 5,11th,16,DDR4,512,0,Windows,64,2,Casual,14,1,Yes,Yes,79990
Lenovo,Ryzen,AMD,Ryzen 5,Missing,16,DDR4,512,1024,Windows,32,0,Casual,14,0,No,No,80490
DELL,Inspiron,Intel,Ryzen 5,10th,16,DDR4,512,0,Windows,64,0,Casual,13.3,1,Yes,Yes,109190
DELL,Inspiron,Intel,Ryzen 5,10th,16,DDR4,0,1024,Windows,64,0,Casual,15.6,1,No,Yes,43400
ASUS,ZenBook,Intel,Ryzen 5,11th,16,DDR4,512,0,Windows,64,0,Casual,14,1,Yes,No,114990
HP,Spectre,Intel,Ryzen 5,11th,16,DDR4,512,0,Windows,64,0,Casual,13.5,1,Yes,No,129999
Lenovo,Core,Intel,Ryzen 5,10th,16,DDR4,256,0,Windows,32,0,Casual,15.6,0,No,No,40990
Lenovo,Core,Intel,Ryzen 5,10th,16,DDR4,0,1024,Missing,64,0,Casual,15,0,No,No,38999
HP,15s,Intel,Ryzen 5,11th,16,DDR4,512,0,Windows,32,0,ThinNlight,15.6,1,No,No,50990
DELL,Inspiron,Intel,Ryzen 5,11th,16,DDR4,256,1024,Windows,64,0,Casual,15.6,1,No,Yes,58990
MSI,GS,512,Ryzen 5,Missing,16,DDR4,0,0,Missing,32,6,Casual,8th,0,No,No,149990
HP,Pavilion,Intel,Ryzen 5,11th,16,DDR4,512,0,Windows,64,0,Casual,14,1,Yes,Yes,99999
acer,Aspire,Intel,Ryzen 5,8th,16,DDR4,0,1024,Windows,64,0,ThinNlight,15.6,1,No,No,61597
DELL,Inspiron,Intel,Ryzen 5,11th,16,DDR4,512,0,Windows,64,2,Casual,15.6,0,No,No,71290
ASUS,ROG,Intel,Ryzen 5,Missing,16,DDR4,0,0,Missing,32,6,Casual,0,0,No,No,146490
Lenovo,IdeaPad,Intel,Ryzen 5,10th,16,DDR4,256,1024,Windows,64,4,Gaming,15.6,0,No,No,74999
Lenovo,Ryzen,AMD,Ryzen 5,Missing,16,DDR4,512,0,Windows,64,4,Casual,15.6,1,No,No,106990
MSI,Prestige,Intel,Ryzen 5,10th,16,DDR4,512,0,Windows,64,2,Casual,14,1,No,No,104990
ASUS,ZenBook,First,Ryzen 5,Missing,16,DDR4,0,0,Missing,64,4,Casual,0,0,No,No,175190
HP,15s,Intel,Ryzen 5,10th,16,DDR4,0,1024,Windows,64,0,ThinNlight,15.6,1,No,Yes,40750
DELL,Vostro,Intel,Ryzen 5,11th,16,DDR4,256,1024,Windows,64,0,ThinNlight,14,1,No,Yes,39990
ASUS,Pro,Intel,Ryzen 5,8th,16,DDR4,0,1024,Windows,64,0,ThinNlight,14,0,No,No,81990
ASUS,ExpertBook,Intel,Ryzen 5,10th,16,DDR4,1024,0,Windows,64,0,Casual,14,0,No,No,167990
ASUS,Ryzen,AMD,Ryzen 5,Missing,16,DDR4,512,0,Windows,32,4,Casual,15.6,0,No,No,79990
DELL,Inspiron,Intel,Ryzen 5,10th,16,DDR4,512,0,Windows,64,0,ThinNlight,14,1,No,Yes,79500
ASUS,ExpertBook,Intel,Ryzen 5,10th,16,DDR4,0,1024,Windows,64,2,Casual,14,0,No,No,93990
DELL,Inspiron,Intel,Ryzen 5,10th,16,DDR4,512,0,Windows,64,2,Casual,14,1,No,Yes,82990
ASUS,ROG,AMD,Ryzen 5,Missing,16,DDR4,1024,0,Windows,64,0,Casual,14,1,No,No,144990
ASUS,ExpertBook,Intel,Ryzen 5,10th,16,DDR4,0,1024,Windows,64,0,Casual,14,0,No,No,61249
DELL,Inspiron,Intel,Ryzen 5,10th,16,DDR4,0,1024,Windows,64,0,ThinNlight,15.6,1,No,Yes,43000
DELL,Inspiron,Intel,Ryzen 5,11th,16,DDR5,512,0,Windows,64,2,Casual,15.6,1,No,Yes,70980
acer,Aspire,AMD,Ryzen 5,Missing,16,DDR5,256,0,Windows,64,0,Casual,15.6,1,No,No,31990
ASUS,Core,Intel,Ryzen 5,11th,16,DDR5,512,0,Windows,64,0,ThinNlight,13.3,0,Yes,No,109990
ASUS,ZenBook,Intel,Ryzen 5,8th,16,DDR5,512,0,Windows,64,0,ThinNlight,13.3,1,No,No,99990
iball,CompBook,Intel,Ryzen 5,Missing,16,DDR5,0,0,Windows,64,0,Casual,0,0,No,No,13990
ASUS,ZenBook,Intel,Ryzen 5,11th,16,DDR5,512,0,Windows,64,0,Casual,14,1,Yes,No,99990
ASUS,Pro,Intel,Ryzen 5,8th,16,DDR5,256,1024,Windows,64,0,ThinNlight,14,0,No,No,98912
HP,Core,Intel,Ryzen 5,11th,16,Full,512,0,Windows,64,0,ThinNlight,15.6,1,No,Yes,48900
HP,Spectre,Intel,Ryzen 5,8th,16,Full,256,0,Windows,64,0,Casual,13.3,1,Yes,Yes,136590
Lenovo,Core,Intel,Ryzen 5,8th,16,Full,512,0,Windows,64,2,ThinNlight,14,0,No,No,244801
DELL,Inspiron,Intel,Ryzen 5,10th,16,Full,256,0,Windows,64,0,ThinNlight,15.6,1,No,No,39990
Lenovo,IDEAPAD,AMD,Ryzen 5,Missing,16,Full,512,0,Windows,32,0,Casual,15.6,1,No,No,59900
HP,430,Intel,Ryzen 5,11th,16,Full,512,0,Windows,32,0,Casual,13.3,0,No,No,94000
Lenovo,Ideapad,Intel,Ryzen 5,Missing,16,GTX,0,0,Missing,32,2,Casual,0,0,No,No,46990
ASUS,ExpertBook,Intel,Ryzen 5,10th,16,GTX,2048,0,Windows,64,0,Casual,14,0,No,No,233990
HP,Spectre,Intel,Ryzen 5,11th,16,i5,1024,0,Windows,64,0,Casual,13.5,1,Yes,No,165000
DELL,Core,Intel,Ryzen 5,11th,16,LED,512,0,Windows,64,2,Casual,14,0,Yes,No,82990
DELL,Inspiron,Intel,Ryzen 5,8th,16,LPDDR3,256,0,Windows,64,4,Casual,13.3,1,No,Yes,87990
ASUS,ZenBook,Intel,Ryzen 5,11th,16,LPDDR3,512,0,Windows,64,0,ThinNlight,13.3,0,No,No,94990
MSI,Prestige,Intel,Ryzen 5,11th,16,LPDDR3,512,0,Windows,64,0,Casual,14,1,No,No,79990
Avita,PURA,AMD,Ryzen 5,Missing,16,LPDDR3,128,0,Windows,64,0,ThinNlight,14,0,No,No,19990
HP,Ryzen,AMD,Ryzen 5,Missing,16,LPDDR3,256,1024,Windows,64,0,ThinNlight,14,1,No,No,52990
Lenovo,Ideapad,Intel,Ryzen 5,8th,16,LPDDR3,512,0,Windows,64,0,ThinNlight,13.3,1,No,Yes,86000
ASUS,Pro,Intel,Ryzen 5,8th,16,LPDDR3,512,0,Windows,64,0,ThinNlight,14,0,No,No,85990
ASUS,ExpertBook,Intel,Ryzen 5,10th,16,LPDDR3,512,0,Windows,64,2,Casual,14,0,No,No,86990
ASUS,ZenBook,Intel,Ryzen 5,10th,16,LPDDR3,512,0,Windows,64,2,Casual,14,1,No,Yes,105990
ASUS,Vivo,Intel,Ryzen 5,10th,16,LPDDR3,0,1024,Windows,64,0,Casual,15.6,0,No,No,38000
Lenovo,Core,Intel,Ryzen 5,10th,16,LPDDR3,512,0,Windows,32,2,Casual,12,0,No,No,162399
Lenovo,V15,Intel,Ryzen 5,11th,16,LPDDR3,256,0,Windows,64,0,ThinNlight,15.6,0,No,No,43990
ASUS,Ryzen,AMD,Ryzen 5,Missing,16,LPDDR3,1024,0,Windows,64,4,Casual,14,1,No,No,149990
DELL,Inspiron,AMD,Ryzen 7,Missing,16,LPDDR3,512,0,Windows,64,0,Casual,14,1,Yes,Yes,89570
HP,15s,AMD,Ryzen 7,Missing,16,LPDDR4,512,0,Windows,64,0,ThinNlight,15.6,1,No,Yes,54590
ASUS,VivoBook,Intel,Ryzen 7,10th,16,LPDDR4,512,0,Windows,64,0,Casual,14,1,No,No,40990
ASUS,ExpertBook,Intel,Ryzen 7,10th,16,LPDDR4,512,0,Windows,64,0,Casual,14,0,No,No,84990
ASUS,Vivobook,Intel,Ryzen 7,11th,16,LPDDR4,256,0,Windows,64,0,ThinNlight,14,1,No,No,36990
ASUS,Ryzen,AMD,Ryzen 7,Missing,16,LPDDR4,256,1024,Windows,64,0,ThinNlight,15.6,1,No,Yes,75100
Lenovo,Ideapad,Intel,Ryzen 7,8th,16,LPDDR4,512,0,Windows,64,2,Casual,15.6,1,No,Yes,59999
DELL,Core,Intel,Ryzen 7,11th,16,LPDDR4,0,1024,Windows,32,0,Casual,14,0,No,No,58990
HP,Core,Intel,Ryzen 7,11th,16,LPDDR4,512,0,Windows,32,0,Casual,14,0,No,No,119599
Lenovo,Legion,Pre-installed,Ryzen 7,Missing,16,LPDDR4,0,0,Missing,32,4,Casual,0,0,No,No,77890
DELL,Inspiron,AMD,Ryzen 7,Missing,16,LPDDR4,512,0,Windows,64,0,Casual,14,1,Yes,Yes,75500
DELL,Vostro,Intel,Ryzen 7,10th,16,LPDDR4,512,0,Windows,64,0,Casual,15.6,0,No,No,41790
Lenovo,Yoga,Intel,Ryzen 7,11th,16,LPDDR4X,512,0,Windows,64,0,Casual,14,1,No,Yes,91999
Lenovo,Ideapad,Intel,Ryzen 7,11th,16,LPDDR4X,512,0,Windows,64,0,Casual,14,1,Yes,Yes,57999
Lenovo,Core,Intel,Ryzen 7,10th,16,LPDDR4X,512,0,Windows,64,0,ThinNlight,14,0,No,No,211753
ASUS,VivoBook,Intel,Ryzen 7,11th,16,LPDDR4X,256,1024,Windows,64,0,Casual,15.6,1,No,Yes,68900
Lenovo,APU,AMD,Ryzen 7,Missing,16,LPDDR4X,0,1024,Missing,64,0,Casual,14,0,No,No,21896
DELL,Inspiron,Intel,Ryzen 7,11th,16,LPDDR4X,512,0,Windows,64,0,Casual,14,1,Yes,Yes,78900
ASUS,ExpertBook,Intel,Ryzen 7,10th,16,LPDDR4X,0,1024,Windows,64,2,Casual,14,0,No,No,83990
ASUS,ExpertBook,Intel,Ryzen 7,10th,16,LPDDR4X,512,0,Windows,64,0,Casual,14,0,No,No,132790
ASUS,Ryzen,AMD,Ryzen 7,Missing,16,LPDDR4X,1024,0,Windows,64,4,Casual,14,1,No,No,142990
HP,15s,AMD,Ryzen 7,Missing,16,LPDDR4X,512,0,Windows,64,0,ThinNlight,15.6,1,No,Yes,68500
Avita,PURA,AMD,Ryzen 7,Missing,16,LPDDR4X,128,0,Windows,64,0,ThinNlight,14,0,No,No,21490
DELL,G15,NVIDIA,Ryzen 7,Missing,16,LPDDR4X,0,0,Missing,32,4,Casual,0,0,No,No,75500
HP,Ryzen,AMD,Ryzen 7,Missing,16,LPDDR4X,512,0,Windows,64,0,ThinNlight,15.6,1,No,Yes,51890
ASUS,ExpertBook,Intel,Ryzen 7,10th,16,LPDDR4X,0,1024,Missing,32,2,Casual,14,0,No,No,58799
DELL,Inspiron,Intel,Ryzen 7,11th,16,LPDDR4X,0,1024,Windows,64,0,ThinNlight,14.96,1,No,Yes,37990
HP,APU,AMD,Ryzen 7,Missing,16,LPDDR4X,0,1024,Missing,32,0,Casual,14,0,No,No,20900
Nokia,PureBook,Intel,Ryzen 7,11th,16,LPDDR4X,512,0,Windows,64,0,ThinNlight,14,0,No,No,55990
Lenovo,Core,Intel,Ryzen 7,10th,16,LPDDR4X,0,1024,Missing,32,0,Casual,14,0,No,No,49999
HP,Chromebook,MediaTek,Ryzen 7,Missing,16,LPDDR4X,0,0,Missing,32,0,Casual,0,0,No,No,22490
ASUS,Chromebook,Intel,Ryzen 7,Missing,16,LPDDR4X,0,0,Missing,64,0,Casual,0,0,No,No,18990
HP,Chromebook,MediaTek,Ryzen 7,Missing,16,LPDDR4X,0,0,Missing,32,0,Casual,0,0,No,No,22990
DELL,Core,Intel,Ryzen 7,11th,16,LPDDR4X,256,0,Windows,64,0,Casual,15.6,1,No,No,48500
ASUS,VivoBook,AMD,Ryzen 7,Missing,16,LPDDR4X,512,0,Windows,64,0,Casual,17.3,1,No,No,78000
DELL,Inspiron,Intel,Ryzen 7,11th,16,LPDDR4X,1024,0,Windows,64,0,ThinNlight,13.3,0,No,No,74190
HP,250-G6,Intel,Ryzen 7,7th,16,LPDDR4X,0,1024,Missing,32,2,Casual,15.6,0,No,No,46200
HP,Pavilion,Intel,Ryzen 7,8th,16,LPDDR4X,0,1024,Windows,64,2,Casual,15.6,1,No,Yes,64990
HP,14a,Intel,Ryzen 7,Missing,16,LPDDR4X,0,0,Missing,64,0,Casual,0,0,No,No,26470
Lenovo,IdeaPad,Intel,Ryzen 7,11th,16,LPDDR4X,512,0,Windows,64,4,Gaming,15.6,0,No,No,60990
Lenovo,IdeaPad,Intel,Ryzen 7,Missing,16,LPDDR4X,0,0,Missing,64,0,Casual,0,0,No,No,25990
Lenovo,Intel,Intel,Ryzen 7,11th,16,LPDDR4X,512,0,Windows,32,0,Casual,14,0,No,No,110999
Avita,PURA,AMD,Ryzen 7,Missing,16,LPDDR4X,256,0,Windows,64,0,ThinNlight,14,0,No,No,24990
ASUS,Chromebook,Intel,Ryzen 7,Missing,16,LPDDR4X,0,0,Missing,32,0,Casual,0,0,No,No,17990
DELL,Inspiron,Intel,Ryzen 7,11th,16,LPDDR4X,256,1024,Windows,64,2,Casual,15.6,0,No,No,71695
Avita,Liber,Intel,Ryzen 7,7th,16,LPDDR4X,512,0,Windows,64,0,ThinNlight,13.3,0,No,No,65556
HP,Chromebook,Intel,Ryzen 7,Missing,16,LPDDR4X,0,0,Missing,64,0,Casual,0,0,No,No,27990
HP,DA,Intel,Ryzen 7,7th,16,LPDDR4X,0,1024,Windows,64,2,Casual,15.6,0,No,No,49279
Avita,Cosmos,Intel,Ryzen 7,Missing,16,LPDDR4X,0,0,Windows,64,0,Casual,0,0,No,No,17490
ASUS,ASUS,Intel,Ryzen 7,11th,16,LPDDR4X,1024,0,Windows,64,6,Gaming,15.6,1,No,No,139990
Avita,Liber,Intel,Ryzen 7,10th,16,LPDDR4X,1024,0,Windows,64,0,ThinNlight,14,0,No,No,62990
HP,Athlon,AMD,Ryzen 7,Missing,16,LPDDR4X,32,0,Missing,32,4,Casual,14,0,No,No,26899
Lenovo,ThinkBook,Intel,Ryzen 7,11th,16,LPDDR4X,1024,0,Windows,64,0,Casual,13,1,No,Yes,85990
Lenovo,Core,Intel,Ryzen 7,10th,16,LPDDR4X,0,1024,Windows,32,0,Casual,15.6,0,No,No,38999
DELL,Inspiron,Intel,Ryzen 7,11th,16,LPDDR4X,512,0,Windows,64,0,ThinNlight,15.6,0,No,No,70190
Vaio,E,AMD,Ryzen 7,Missing,16,LPDDR4X,512,0,Windows,64,0,ThinNlight,15.6,2,No,Yes,50990
DELL,Core,Intel,Ryzen 7,11th,16,LPDDR4X,512,0,Windows,64,2,Casual,14,1,Yes,No,79590
HP,Pavilion,AMD,Ryzen 9,Missing,16,LPDDR4X,512,0,Windows,64,0,ThinNlight,14,1,No,Yes,59999
HP,15q,AMD,Ryzen 9,Missing,16,LPDDR4X,0,1024,Windows,64,0,Casual,15.6,1,No,No,32917
Avita,Liber,Intel,Ryzen 9,7th,16,LPDDR4X,512,0,Windows,64,0,ThinNlight,13.3,0,No,No,65556
HP,15s,M.2,Ryzen 9,Missing,16,LPDDR4X,0,0,Missing,32,0,ThinNlight,0,0,No,No,55990
ASUS,TUF,Intel,Ryzen 9,11th,16,LPDDR4X,512,0,Windows,64,4,Casual,15.6,1,No,No,76990
ASUS,Vivobook,Intel,Ryzen 9,11th,16,LPDDR4X,256,0,Windows,64,0,Casual,15.6,0,No,No,48990
HP,HP,Intel,Ryzen 9,11th,16,LPDDR4X,1024,0,Windows,64,2,Casual,13.3,1,No,Yes,94990
Nokia,PureBook,Intel,Ryzen 9,11th,16,LPDDR4X,512,0,Windows,64,0,ThinNlight,14,0,No,No,52790
DELL,Core,Intel,Ryzen 9,11th,16,LPDDR4X,512,0,Windows,64,4,Casual,15.6,1,No,No,99990
HP,Omen,Intel,Ryzen 9,11th,16,LPDDR4X,1024,0,Windows,64,6,Casual,16.1,1,No,Yes,136990
DELL,Inspiron,Intel,Ryzen 9,11th,16,LPDDR4X,512,0,Windows,64,0,ThinNlight,15.6,0,No,No,45930
Lenovo,Ideapad,AMD,Ryzen 9,Missing,16,LPDDR4X,512,0,Windows,64,0,Casual,14,1,No,No,73400
HP,Pavilion,Intel,Ryzen 9,11th,16,LPDDR4X,512,0,Windows,64,0,Casual,14,1,Yes,Yes,55490
Avita,Liber,Intel,Ryzen 9,7th,16,LPDDR4X,512,0,Windows,64,0,ThinNlight,13.3,0,No,No,65556
acer,Swift,Intel,Ryzen 9,Missing,16,LPDDR4X,0,0,Missing,32,0,Casual,0,0,No,No,94190
Vaio,E,AMD,Ryzen 9,Missing,16,LPDDR4X,512,0,Windows,64,0,ThinNlight,15.6,2,No,Yes,57990
Lenovo,Legion,Intel,Ryzen 9,10th,16,LPDDR4X,1024,0,Windows,64,8,Casual,15.6,1,No,Yes,234990
HP,x360,Intel,Ryzen 9,11th,16,LPDDR4X,256,0,Missing,64,0,Casual,14,1,Yes,No,56490
Avita,Liber,Intel,Ryzen 9,8th,16,LPDDR4X,512,0,Windows,64,0,ThinNlight,14,0,No,No,44990
ASUS,Intel,Intel,Ryzen 9,11th,16,LPDDR4X,512,0,Windows,64,0,Casual,13.3,1,Yes,Yes,84990
ASUS,Ryzen,AMD,Ryzen 9,Missing,16,Master,1024,0,Windows,64,0,ThinNlight,13.3,1,No,Yes,84970
HP,15q,Intel,Ryzen 9,8th,16,ram_type,0,1024,Windows,64,0,Casual,15.6,1,No,No,46790
Smartron,t.book,Intel,Ryzen 9,7th,16,Unified,128,0,Windows,64,0,Casual,12.2,0,Yes,No,52990
DELL,Inspiron,AMD,Ryzen 9,Missing,16,Unified,512,0,Windows,64,0,ThinNlight,15.6,0,No,No,42090
HP,Pavilion,AMD,Ryzen 9,Missing,16,Unified,512,0,Windows,64,4,Gaming,15.6,1,No,Yes,64990
ASUS,EeeBook,Intel,Ryzen 9,Missing,16,Unified,0,0,Windows,64,0,Casual,0,0,No,No,22990
HP,Pavilion,AMD,Slot for,Missing,16,Unified,512,0,Windows,64,2,Casual,14,1,No,Yes,79990
Lenovo,Ideapad,Intel,Snapdragon 7c,10th,16,Unified,512,0,Windows,64,2,Casual,14,1,Yes,Yes,86999
